﻿{"data":[{"GPOChanges":{"LocalAdmins":[],"RemoteDesktopUsers":[],"DcomUsers":[],"PSRemoteUsers":[],"AffectedComputers":[]},"Properties":{"domain":"ESSOS.LOCAL","name":"DOMAIN CONTROLLERS@ESSOS.LOCAL","distinguishedname":"OU=DOMAIN CONTROLLERS,DC=ESSOS,DC=LOCAL","domainsid":"S-1-5-21-3679284235-944100069-1290884414","highvalue":false,"description":"Default container for domain controllers","whencreated":1711355297,"blocksinheritance":false},"Links":[{"IsEnforced":false,"GUID":"6311DB74-6D6B-4ED7-8A81-1924C2662C47"}],"ChildObjects":[{"ObjectIdentifier":"S-1-5-21-3679284235-944100069-1290884414-1001","ObjectType":"Computer"}],"Aces":[{"PrincipalSID":"S-1-5-21-3679284235-944100069-1290884414-512","PrincipalType":"Group","RightName":"Owns","IsInherited":false},{"PrincipalSID":"S-1-5-21-3679284235-944100069-1290884414-512","PrincipalType":"Group","RightName":"WriteDacl","IsInherited":false},{"PrincipalSID":"S-1-5-21-3679284235-944100069-1290884414-512","PrincipalType":"Group","RightName":"WriteOwner","IsInherited":false},{"PrincipalSID":"S-1-5-21-3679284235-944100069-1290884414-519","PrincipalType":"Group","RightName":"GenericAll","IsInherited":true},{"PrincipalSID":"ESSOS.LOCAL-S-1-5-32-544","PrincipalType":"Group","RightName":"WriteDacl","IsInherited":true},{"PrincipalSID":"ESSOS.LOCAL-S-1-5-32-544","PrincipalType":"Group","RightName":"WriteOwner","IsInherited":true}],"ObjectIdentifier":"4F404F0B-09C2-4FAB-93B5-0A3CDFE35D7F","IsDeleted":false,"IsACLProtected":false},{"GPOChanges":{"LocalAdmins":[],"RemoteDesktopUsers":[],"DcomUsers":[],"PSRemoteUsers":[],"AffectedComputers":[]},"Properties":{"domain":"ESSOS.LOCAL","name":"LAPS@ESSOS.LOCAL","distinguishedname":"OU=LAPS,DC=ESSOS,DC=LOCAL","domainsid":"S-1-5-21-3679284235-944100069-1290884414","highvalue":false,"description":null,"whencreated":1711357194,"blocksinheritance":false},"Links":[{"IsEnforced":true,"GUID":"79A4C4A1-4C9B-48BB-9AAD-44609A101E50"}],"ChildObjects":[{"ObjectIdentifier":"S-1-5-21-3679284235-944100069-1290884414-1104","ObjectType":"Computer"}],"Aces":[{"PrincipalSID":"S-1-5-21-3679284235-944100069-1290884414-512","PrincipalType":"Group","RightName":"GenericAll","IsInherited":false},{"PrincipalSID":"S-1-5-21-3679284235-944100069-1290884414-519","PrincipalType":"Group","RightName":"GenericAll","IsInherited":true},{"PrincipalSID":"ESSOS.LOCAL-S-1-5-32-544","PrincipalType":"Group","RightName":"WriteDacl","IsInherited":true},{"PrincipalSID":"ESSOS.LOCAL-S-1-5-32-544","PrincipalType":"Group","RightName":"WriteOwner","IsInherited":true}],"ObjectIdentifier":"E0E9FC71-D9E4-49F5-B72E-582B78F1FB29","IsDeleted":false,"IsACLProtected":false}],"meta":{"methods":29695,"type":"ous","count":2,"version":5}}