﻿{"data":[{"GPOChanges":{"LocalAdmins":[],"RemoteDesktopUsers":[],"DcomUsers":[],"PSRemoteUsers":[],"AffectedComputers":[]},"Properties":{"domain":"ESSOS.LOCAL","name":"ESSOS.LOCAL","distinguishedname":"DC=ESSOS,DC=LOCAL","domainsid":"S-1-5-21-3679284235-944100069-1290884414","highvalue":true,"description":null,"whencreated":1711355291,"functionallevel":"2016"},"ChildObjects":[{"ObjectIdentifier":"F3FE3BDE-0040-42F4-9B42-09A75322C75B","ObjectType":"Container"},{"ObjectIdentifier":"4F404F0B-09C2-4FAB-93B5-0A3CDFE35D7F","ObjectType":"OU"},{"ObjectIdentifier":"A25FD5E4-8E32-4E13-95D3-238EC1E64E38","ObjectType":"Container"},{"ObjectIdentifier":"E0E9FC71-D9E4-49F5-B72E-582B78F1FB29","ObjectType":"OU"},{"ObjectIdentifier":"078475FD-43D1-42A1-A118-8D83D21EAC05","ObjectType":"Container"},{"ObjectIdentifier":"FF3BE0C3-CD98-431D-8DEF-FD52D248E8C0","ObjectType":"Container"}],"Trusts":[{"TargetDomainSid":"S-1-5-21-1631887839-1138881212-915906823","TargetDomainName":"SEVENKINGDOMS.LOCAL","IsTransitive":true,"SidFilteringEnabled":false,"TrustDirection":3,"TrustType":2}],"Links":[{"IsEnforced":false,"GUID":"DA77AF13-B3F6-4E85-9819-F6D3413784D5"}],"Aces":[{"PrincipalSID":"ESSOS.LOCAL-S-1-5-32-544","PrincipalType":"Group","RightName":"Owns","IsInherited":false},{"PrincipalSID":"ESSOS.LOCAL-S-1-5-32-544","PrincipalType":"Group","RightName":"WriteDacl","IsInherited":false},{"PrincipalSID":"ESSOS.LOCAL-S-1-5-32-544","PrincipalType":"Group","RightName":"WriteOwner","IsInherited":false},{"PrincipalSID":"ESSOS.LOCAL-S-1-5-32-544","PrincipalType":"Group","RightName":"AllExtendedRights","IsInherited":false},{"PrincipalSID":"S-1-5-21-3679284235-944100069-1290884414-512","PrincipalType":"Group","RightName":"WriteDacl","IsInherited":false},{"PrincipalSID":"S-1-5-21-3679284235-944100069-1290884414-512","PrincipalType":"Group","RightName":"WriteOwner","IsInherited":false},{"PrincipalSID":"S-1-5-21-3679284235-944100069-1290884414-512","PrincipalType":"Group","RightName":"AllExtendedRights","IsInherited":false},{"PrincipalSID":"S-1-5-21-3679284235-944100069-1290884414-519","PrincipalType":"Group","RightName":"GenericAll","IsInherited":false},{"PrincipalSID":"ESSOS.LOCAL-S-1-5-9","PrincipalType":"Group","RightName":"GetChanges","IsInherited":false},{"PrincipalSID":"ESSOS.LOCAL-S-1-5-9","PrincipalType":"Group","RightName":"GetChangesInFilteredSet","IsInherited":false},{"PrincipalSID":"ESSOS.LOCAL-S-1-5-32-544","PrincipalType":"Group","RightName":"GetChangesAll","IsInherited":false},{"PrincipalSID":"ESSOS.LOCAL-S-1-5-32-544","PrincipalType":"Group","RightName":"GetChanges","IsInherited":false},{"PrincipalSID":"ESSOS.LOCAL-S-1-5-32-544","PrincipalType":"Group","RightName":"GetChangesInFilteredSet","IsInherited":false},{"PrincipalSID":"S-1-5-21-3679284235-944100069-1290884414-498","PrincipalType":"Group","RightName":"GetChanges","IsInherited":false},{"PrincipalSID":"S-1-5-21-3679284235-944100069-1290884414-516","PrincipalType":"Group","RightName":"GetChangesAll","IsInherited":false}],"ObjectIdentifier":"S-1-5-21-3679284235-944100069-1290884414","IsDeleted":false,"IsACLProtected":false}],"meta":{"methods":29695,"type":"domains","count":1,"version":5}}