﻿{"data":[{"Properties":{"domain":"ESSOS.LOCAL","name":"ADMINISTRATOR@ESSOS.LOCAL","distinguishedname":"CN=ADMINISTRATOR,CN=USERS,DC=ESSOS,DC=LOCAL","domainsid":"S-1-5-21-3679284235-944100069-1290884414","highvalue":false,"samaccountname":"Administrator","description":"Built-in account for administering the computer/domain","whencreated":1711355297,"sensitive":false,"dontreqpreauth":false,"passwordnotreqd":false,"unconstraineddelegation":false,"pwdneverexpires":true,"enabled":true,"trustedtoauth":false,"lastlogon":1711383326,"lastlogontimestamp":1711382027,"pwdlastset":1711380379,"serviceprincipalnames":[],"hasspn":false,"displayname":null,"email":null,"title":null,"homedirectory":null,"userpassword":null,"unixpassword":null,"unicodepassword":null,"sfupassword":null,"logonscript":null,"admincount":true,"sidhistory":[]},"AllowedToDelegate":[],"PrimaryGroupSID":"S-1-5-21-3679284235-944100069-1290884414-513","HasSIDHistory":[],"SPNTargets":[],"Aces":[{"PrincipalSID":"S-1-5-21-3679284235-944100069-1290884414-512","PrincipalType":"Group","RightName":"Owns","IsInherited":false},{"PrincipalSID":"ESSOS.LOCAL-S-1-5-32-544","PrincipalType":"Group","RightName":"WriteDacl","IsInherited":false},{"PrincipalSID":"ESSOS.LOCAL-S-1-5-32-544","PrincipalType":"Group","RightName":"WriteOwner","IsInherited":false},{"PrincipalSID":"ESSOS.LOCAL-S-1-5-32-544","PrincipalType":"Group","RightName":"AllExtendedRights","IsInherited":false},{"PrincipalSID":"ESSOS.LOCAL-S-1-5-32-544","PrincipalType":"Group","RightName":"GenericWrite","IsInherited":false},{"PrincipalSID":"S-1-5-21-3679284235-944100069-1290884414-512","PrincipalType":"Group","RightName":"WriteDacl","IsInherited":false},{"PrincipalSID":"S-1-5-21-3679284235-944100069-1290884414-512","PrincipalType":"Group","RightName":"WriteOwner","IsInherited":false},{"PrincipalSID":"S-1-5-21-3679284235-944100069-1290884414-512","PrincipalType":"Group","RightName":"AllExtendedRights","IsInherited":false},{"PrincipalSID":"S-1-5-21-3679284235-944100069-1290884414-512","PrincipalType":"Group","RightName":"GenericWrite","IsInherited":false},{"PrincipalSID":"S-1-5-21-3679284235-944100069-1290884414-519","PrincipalType":"Group","RightName":"WriteDacl","IsInherited":false},{"PrincipalSID":"S-1-5-21-3679284235-944100069-1290884414-519","PrincipalType":"Group","RightName":"WriteOwner","IsInherited":false},{"PrincipalSID":"S-1-5-21-3679284235-944100069-1290884414-519","PrincipalType":"Group","RightName":"AllExtendedRights","IsInherited":false},{"PrincipalSID":"S-1-5-21-3679284235-944100069-1290884414-519","PrincipalType":"Group","RightName":"GenericWrite","IsInherited":false}],"ObjectIdentifier":"S-1-5-21-3679284235-944100069-1290884414-500","IsDeleted":false,"IsACLProtected":true},{"Properties":{"domain":"ESSOS.LOCAL","name":"MISSANDEI@ESSOS.LOCAL","distinguishedname":"CN=MISSANDEI,CN=USERS,DC=ESSOS,DC=LOCAL","domainsid":"S-1-5-21-3679284235-944100069-1290884414","highvalue":false,"samaccountname":"missandei","description":"missandei","whencreated":1711357137,"sensitive":false,"dontreqpreauth":true,"passwordnotreqd":false,"unconstraineddelegation":false,"pwdneverexpires":true,"enabled":true,"trustedtoauth":false,"lastlogon":0,"lastlogontimestamp":-1,"pwdlastset":1711382337,"serviceprincipalnames":[],"hasspn":false,"displayname":null,"email":null,"title":null,"homedirectory":null,"userpassword":null,"unixpassword":null,"unicodepassword":null,"sfupassword":null,"logonscript":null,"admincount":false,"sidhistory":[]},"AllowedToDelegate":[],"PrimaryGroupSID":"S-1-5-21-3679284235-944100069-1290884414-513","HasSIDHistory":[],"SPNTargets":[],"Aces":[{"PrincipalSID":"S-1-5-21-3679284235-944100069-1290884414-512","PrincipalType":"Group","RightName":"Owns","IsInherited":false},{"PrincipalSID":"ESSOS.LOCAL-S-1-5-32-548","PrincipalType":"Group","RightName":"GenericAll","IsInherited":false},{"PrincipalSID":"S-1-5-21-3679284235-944100069-1290884414-512","PrincipalType":"Group","RightName":"GenericAll","IsInherited":false},{"PrincipalSID":"S-1-5-21-3679284235-944100069-1290884414-526","PrincipalType":"Group","RightName":"AddKeyCredentialLink","IsInherited":true},{"PrincipalSID":"S-1-5-21-3679284235-944100069-1290884414-527","PrincipalType":"Group","RightName":"AddKeyCredentialLink","IsInherited":true},{"PrincipalSID":"S-1-5-21-3679284235-944100069-1290884414-519","PrincipalType":"Group","RightName":"GenericAll","IsInherited":true},{"PrincipalSID":"ESSOS.LOCAL-S-1-5-32-544","PrincipalType":"Group","RightName":"WriteDacl","IsInherited":true},{"PrincipalSID":"ESSOS.LOCAL-S-1-5-32-544","PrincipalType":"Group","RightName":"WriteOwner","IsInherited":true},{"PrincipalSID":"ESSOS.LOCAL-S-1-5-32-544","PrincipalType":"Group","RightName":"AllExtendedRights","IsInherited":true},{"PrincipalSID":"ESSOS.LOCAL-S-1-5-32-544","PrincipalType":"Group","RightName":"GenericWrite","IsInherited":true}],"ObjectIdentifier":"S-1-5-21-3679284235-944100069-1290884414-1116","IsDeleted":false,"IsACLProtected":false},{"Properties":{"domain":"ESSOS.LOCAL","name":"DROGON@ESSOS.LOCAL","distinguishedname":"CN=DROGON,CN=USERS,DC=ESSOS,DC=LOCAL","domainsid":"S-1-5-21-3679284235-944100069-1290884414","highvalue":false,"samaccountname":"drogon","description":"drogon","whencreated":1711357138,"sensitive":false,"dontreqpreauth":false,"passwordnotreqd":false,"unconstraineddelegation":false,"pwdneverexpires":true,"enabled":true,"trustedtoauth":false,"lastlogon":0,"lastlogontimestamp":-1,"pwdlastset":1711382338,"serviceprincipalnames":[],"hasspn":false,"displayname":null,"email":null,"title":null,"homedirectory":null,"userpassword":null,"unixpassword":null,"unicodepassword":null,"sfupassword":null,"logonscript":null,"admincount":true,"sidhistory":[]},"AllowedToDelegate":[],"PrimaryGroupSID":"S-1-5-21-3679284235-944100069-1290884414-513","HasSIDHistory":[],"SPNTargets":[],"Aces":[{"PrincipalSID":"S-1-5-21-3679284235-944100069-1290884414-512","PrincipalType":"Group","RightName":"Owns","IsInherited":false},{"PrincipalSID":"ESSOS.LOCAL-S-1-5-32-544","PrincipalType":"Group","RightName":"WriteDacl","IsInherited":false},{"PrincipalSID":"ESSOS.LOCAL-S-1-5-32-544","PrincipalType":"Group","RightName":"WriteOwner","IsInherited":false},{"PrincipalSID":"ESSOS.LOCAL-S-1-5-32-544","PrincipalType":"Group","RightName":"AllExtendedRights","IsInherited":false},{"PrincipalSID":"ESSOS.LOCAL-S-1-5-32-544","PrincipalType":"Group","RightName":"GenericWrite","IsInherited":false},{"PrincipalSID":"S-1-5-21-3679284235-944100069-1290884414-512","PrincipalType":"Group","RightName":"WriteDacl","IsInherited":false},{"PrincipalSID":"S-1-5-21-3679284235-944100069-1290884414-512","PrincipalType":"Group","RightName":"WriteOwner","IsInherited":false},{"PrincipalSID":"S-1-5-21-3679284235-944100069-1290884414-512","PrincipalType":"Group","RightName":"AllExtendedRights","IsInherited":false},{"PrincipalSID":"S-1-5-21-3679284235-944100069-1290884414-512","PrincipalType":"Group","RightName":"GenericWrite","IsInherited":false},{"PrincipalSID":"S-1-5-21-3679284235-944100069-1290884414-519","PrincipalType":"Group","RightName":"WriteDacl","IsInherited":false},{"PrincipalSID":"S-1-5-21-3679284235-944100069-1290884414-519","PrincipalType":"Group","RightName":"WriteOwner","IsInherited":false},{"PrincipalSID":"S-1-5-21-3679284235-944100069-1290884414-519","PrincipalType":"Group","RightName":"AllExtendedRights","IsInherited":false},{"PrincipalSID":"S-1-5-21-3679284235-944100069-1290884414-519","PrincipalType":"Group","RightName":"GenericWrite","IsInherited":false}],"ObjectIdentifier":"S-1-5-21-3679284235-944100069-1290884414-1117","IsDeleted":false,"IsACLProtected":true},{"Properties":{"domain":"ESSOS.LOCAL","name":"GUEST@ESSOS.LOCAL","distinguishedname":"CN=GUEST,CN=USERS,DC=ESSOS,DC=LOCAL","domainsid":"S-1-5-21-3679284235-944100069-1290884414","highvalue":false,"samaccountname":"Guest","description":"Built-in account for guest access to the computer/domain","whencreated":1711355297,"sensitive":false,"dontreqpreauth":false,"passwordnotreqd":true,"unconstraineddelegation":false,"pwdneverexpires":true,"enabled":false,"trustedtoauth":false,"lastlogon":0,"lastlogontimestamp":-1,"pwdlastset":0,"serviceprincipalnames":[],"hasspn":false,"displayname":null,"email":null,"title":null,"homedirectory":null,"userpassword":null,"unixpassword":null,"unicodepassword":null,"sfupassword":null,"logonscript":null,"admincount":false,"sidhistory":[]},"AllowedToDelegate":[],"PrimaryGroupSID":"S-1-5-21-3679284235-944100069-1290884414-514","HasSIDHistory":[],"SPNTargets":[],"Aces":[{"PrincipalSID":"ESSOS.LOCAL-S-1-5-32-544","PrincipalType":"Group","RightName":"Owns","IsInherited":false},{"PrincipalSID":"ESSOS.LOCAL-S-1-5-32-548","PrincipalType":"Group","RightName":"GenericAll","IsInherited":false},{"PrincipalSID":"S-1-5-21-3679284235-944100069-1290884414-512","PrincipalType":"Group","RightName":"GenericAll","IsInherited":false},{"PrincipalSID":"S-1-5-21-3679284235-944100069-1290884414-526","PrincipalType":"Group","RightName":"AddKeyCredentialLink","IsInherited":true},{"PrincipalSID":"S-1-5-21-3679284235-944100069-1290884414-527","PrincipalType":"Group","RightName":"AddKeyCredentialLink","IsInherited":true},{"PrincipalSID":"S-1-5-21-3679284235-944100069-1290884414-519","PrincipalType":"Group","RightName":"GenericAll","IsInherited":true},{"PrincipalSID":"ESSOS.LOCAL-S-1-5-32-544","PrincipalType":"Group","RightName":"WriteDacl","IsInherited":true},{"PrincipalSID":"ESSOS.LOCAL-S-1-5-32-544","PrincipalType":"Group","RightName":"WriteOwner","IsInherited":true},{"PrincipalSID":"ESSOS.LOCAL-S-1-5-32-544","PrincipalType":"Group","RightName":"AllExtendedRights","IsInherited":true},{"PrincipalSID":"ESSOS.LOCAL-S-1-5-32-544","PrincipalType":"Group","RightName":"GenericWrite","IsInherited":true}],"ObjectIdentifier":"S-1-5-21-3679284235-944100069-1290884414-501","IsDeleted":false,"IsACLProtected":false},{"Properties":{"domain":"ESSOS.LOCAL","name":"GMSADRAGON$@ESSOS.LOCAL","distinguishedname":"CN=GMSADRAGON,CN=MANAGED SERVICE ACCOUNTS,DC=ESSOS,DC=LOCAL","domainsid":"S-1-5-21-3679284235-944100069-1290884414","highvalue":false,"samaccountname":"gmsaDragon$","description":null,"whencreated":1711357174,"sensitive":false,"dontreqpreauth":false,"passwordnotreqd":false,"unconstraineddelegation":false,"pwdneverexpires":false,"enabled":true,"trustedtoauth":false,"lastlogon":0,"lastlogontimestamp":-1,"pwdlastset":1711382374,"serviceprincipalnames":["HTTP/braavos.essos.local","HTTP/braavos"],"hasspn":true,"displayname":null,"email":null,"title":null,"homedirectory":null,"userpassword":null,"unixpassword":null,"unicodepassword":null,"sfupassword":null,"logonscript":null,"admincount":false,"sidhistory":[]},"AllowedToDelegate":[],"PrimaryGroupSID":"S-1-5-21-3679284235-944100069-1290884414-515","HasSIDHistory":[],"SPNTargets":[],"Aces":[{"PrincipalSID":"S-1-5-21-3679284235-944100069-1290884414-512","PrincipalType":"Group","RightName":"Owns","IsInherited":false},{"PrincipalSID":"ESSOS.LOCAL-S-1-5-32-548","PrincipalType":"Group","RightName":"GenericAll","IsInherited":false},{"PrincipalSID":"S-1-5-21-3679284235-944100069-1290884414-512","PrincipalType":"Group","RightName":"GenericAll","IsInherited":false},{"PrincipalSID":"S-1-5-21-3679284235-944100069-1290884414-526","PrincipalType":"Group","RightName":"AddKeyCredentialLink","IsInherited":true},{"PrincipalSID":"S-1-5-21-3679284235-944100069-1290884414-527","PrincipalType":"Group","RightName":"AddKeyCredentialLink","IsInherited":true},{"PrincipalSID":"S-1-5-21-3679284235-944100069-1290884414-519","PrincipalType":"Group","RightName":"GenericAll","IsInherited":true},{"PrincipalSID":"ESSOS.LOCAL-S-1-5-32-544","PrincipalType":"Group","RightName":"WriteDacl","IsInherited":true},{"PrincipalSID":"ESSOS.LOCAL-S-1-5-32-544","PrincipalType":"Group","RightName":"WriteOwner","IsInherited":true},{"PrincipalSID":"ESSOS.LOCAL-S-1-5-32-544","PrincipalType":"Group","RightName":"AllExtendedRights","IsInherited":true},{"PrincipalSID":"ESSOS.LOCAL-S-1-5-32-544","PrincipalType":"Group","RightName":"GenericWrite","IsInherited":true},{"PrincipalSID":"S-1-5-21-3679284235-944100069-1290884414-1104","PrincipalType":"Computer","RightName":"ReadGMSAPassword","IsInherited":false}],"ObjectIdentifier":"S-1-5-21-3679284235-944100069-1290884414-1119","IsDeleted":false,"IsACLProtected":false},{"Properties":{"domain":"ESSOS.LOCAL","name":"JORAH.MORMONT@ESSOS.LOCAL","distinguishedname":"CN=JORAH.MORMONT,CN=USERS,DC=ESSOS,DC=LOCAL","domainsid":"S-1-5-21-3679284235-944100069-1290884414","highvalue":false,"samaccountname":"jorah.mormont","description":"Jorah Mormont","whencreated":1711357136,"sensitive":false,"dontreqpreauth":false,"passwordnotreqd":false,"unconstraineddelegation":false,"pwdneverexpires":true,"enabled":true,"trustedtoauth":false,"lastlogon":0,"lastlogontimestamp":-1,"pwdlastset":1711382336,"serviceprincipalnames":[],"hasspn":false,"displayname":null,"email":null,"title":null,"homedirectory":null,"userpassword":null,"unixpassword":null,"unicodepassword":null,"sfupassword":null,"logonscript":null,"admincount":false,"sidhistory":[]},"AllowedToDelegate":[],"PrimaryGroupSID":"S-1-5-21-3679284235-944100069-1290884414-513","HasSIDHistory":[],"SPNTargets":[],"Aces":[{"PrincipalSID":"S-1-5-21-3679284235-944100069-1290884414-512","PrincipalType":"Group","RightName":"Owns","IsInherited":false},{"PrincipalSID":"ESSOS.LOCAL-S-1-5-32-548","PrincipalType":"Group","RightName":"GenericAll","IsInherited":false},{"PrincipalSID":"S-1-5-21-3679284235-944100069-1290884414-512","PrincipalType":"Group","RightName":"GenericAll","IsInherited":false},{"PrincipalSID":"S-1-5-21-3679284235-944100069-1290884414-1111","PrincipalType":"Group","RightName":"GenericAll","IsInherited":false},{"PrincipalSID":"S-1-5-21-3679284235-944100069-1290884414-1113","PrincipalType":"User","RightName":"GenericWrite","IsInherited":false},{"PrincipalSID":"S-1-5-21-3679284235-944100069-1290884414-526","PrincipalType":"Group","RightName":"AddKeyCredentialLink","IsInherited":true},{"PrincipalSID":"S-1-5-21-3679284235-944100069-1290884414-527","PrincipalType":"Group","RightName":"AddKeyCredentialLink","IsInherited":true},{"PrincipalSID":"S-1-5-21-3679284235-944100069-1290884414-519","PrincipalType":"Group","RightName":"GenericAll","IsInherited":true},{"PrincipalSID":"ESSOS.LOCAL-S-1-5-32-544","PrincipalType":"Group","RightName":"WriteDacl","IsInherited":true},{"PrincipalSID":"ESSOS.LOCAL-S-1-5-32-544","PrincipalType":"Group","RightName":"WriteOwner","IsInherited":true},{"PrincipalSID":"ESSOS.LOCAL-S-1-5-32-544","PrincipalType":"Group","RightName":"AllExtendedRights","IsInherited":true},{"PrincipalSID":"ESSOS.LOCAL-S-1-5-32-544","PrincipalType":"Group","RightName":"GenericWrite","IsInherited":true}],"ObjectIdentifier":"S-1-5-21-3679284235-944100069-1290884414-1115","IsDeleted":false,"IsACLProtected":false},{"Properties":{"domain":"ESSOS.LOCAL","name":"DAENERYS.TARGARYEN@ESSOS.LOCAL","distinguishedname":"CN=DAENERYS.TARGARYEN,CN=USERS,DC=ESSOS,DC=LOCAL","domainsid":"S-1-5-21-3679284235-944100069-1290884414","highvalue":false,"samaccountname":"daenerys.targaryen","description":"Darnerys Targaryen","whencreated":1711357132,"sensitive":false,"dontreqpreauth":false,"passwordnotreqd":false,"unconstraineddelegation":false,"pwdneverexpires":true,"enabled":true,"trustedtoauth":false,"lastlogon":0,"lastlogontimestamp":-1,"pwdlastset":1711382332,"serviceprincipalnames":[],"hasspn":false,"displayname":null,"email":null,"title":null,"homedirectory":null,"userpassword":null,"unixpassword":null,"unicodepassword":null,"sfupassword":null,"logonscript":null,"admincount":true,"sidhistory":[]},"AllowedToDelegate":[],"PrimaryGroupSID":"S-1-5-21-3679284235-944100069-1290884414-513","HasSIDHistory":[],"SPNTargets":[],"Aces":[{"PrincipalSID":"S-1-5-21-3679284235-944100069-1290884414-512","PrincipalType":"Group","RightName":"Owns","IsInherited":false},{"PrincipalSID":"ESSOS.LOCAL-S-1-5-32-544","PrincipalType":"Group","RightName":"WriteDacl","IsInherited":false},{"PrincipalSID":"ESSOS.LOCAL-S-1-5-32-544","PrincipalType":"Group","RightName":"WriteOwner","IsInherited":false},{"PrincipalSID":"ESSOS.LOCAL-S-1-5-32-544","PrincipalType":"Group","RightName":"AllExtendedRights","IsInherited":false},{"PrincipalSID":"ESSOS.LOCAL-S-1-5-32-544","PrincipalType":"Group","RightName":"GenericWrite","IsInherited":false},{"PrincipalSID":"S-1-5-21-3679284235-944100069-1290884414-512","PrincipalType":"Group","RightName":"WriteDacl","IsInherited":false},{"PrincipalSID":"S-1-5-21-3679284235-944100069-1290884414-512","PrincipalType":"Group","RightName":"WriteOwner","IsInherited":false},{"PrincipalSID":"S-1-5-21-3679284235-944100069-1290884414-512","PrincipalType":"Group","RightName":"AllExtendedRights","IsInherited":false},{"PrincipalSID":"S-1-5-21-3679284235-944100069-1290884414-512","PrincipalType":"Group","RightName":"GenericWrite","IsInherited":false},{"PrincipalSID":"S-1-5-21-3679284235-944100069-1290884414-519","PrincipalType":"Group","RightName":"WriteDacl","IsInherited":false},{"PrincipalSID":"S-1-5-21-3679284235-944100069-1290884414-519","PrincipalType":"Group","RightName":"WriteOwner","IsInherited":false},{"PrincipalSID":"S-1-5-21-3679284235-944100069-1290884414-519","PrincipalType":"Group","RightName":"AllExtendedRights","IsInherited":false},{"PrincipalSID":"S-1-5-21-3679284235-944100069-1290884414-519","PrincipalType":"Group","RightName":"GenericWrite","IsInherited":false}],"ObjectIdentifier":"S-1-5-21-3679284235-944100069-1290884414-1112","IsDeleted":false,"IsACLProtected":true},{"Properties":{"domain":"ESSOS.LOCAL","name":"SQL_SVC@ESSOS.LOCAL","distinguishedname":"CN=SQL_SVC,CN=USERS,DC=ESSOS,DC=LOCAL","domainsid":"S-1-5-21-3679284235-944100069-1290884414","highvalue":false,"samaccountname":"sql_svc","description":"sql service","whencreated":1711357139,"sensitive":false,"dontreqpreauth":false,"passwordnotreqd":false,"unconstraineddelegation":false,"pwdneverexpires":true,"enabled":true,"trustedtoauth":false,"lastlogon":1713275442,"lastlogontimestamp":1713275442,"pwdlastset":1711382340,"serviceprincipalnames":["MSSQLSvc/braavos.essos.local","MSSQLSvc/braavos.essos.local:1433"],"hasspn":true,"displayname":null,"email":null,"title":null,"homedirectory":null,"userpassword":null,"unixpassword":null,"unicodepassword":null,"sfupassword":null,"logonscript":null,"admincount":false,"sidhistory":[]},"AllowedToDelegate":[],"PrimaryGroupSID":"S-1-5-21-3679284235-944100069-1290884414-513","HasSIDHistory":[],"SPNTargets":[{"ComputerSID":"S-1-5-21-3679284235-944100069-1290884414-1104","Port":1433,"Service":"SQLAdmin"},{"ComputerSID":"S-1-5-21-3679284235-944100069-1290884414-1104","Port":1433,"Service":"SQLAdmin"}],"Aces":[{"PrincipalSID":"S-1-5-21-3679284235-944100069-1290884414-512","PrincipalType":"Group","RightName":"Owns","IsInherited":false},{"PrincipalSID":"ESSOS.LOCAL-S-1-5-32-548","PrincipalType":"Group","RightName":"GenericAll","IsInherited":false},{"PrincipalSID":"S-1-5-21-3679284235-944100069-1290884414-512","PrincipalType":"Group","RightName":"GenericAll","IsInherited":false},{"PrincipalSID":"S-1-5-21-3679284235-944100069-1290884414-526","PrincipalType":"Group","RightName":"AddKeyCredentialLink","IsInherited":true},{"PrincipalSID":"S-1-5-21-3679284235-944100069-1290884414-527","PrincipalType":"Group","RightName":"AddKeyCredentialLink","IsInherited":true},{"PrincipalSID":"S-1-5-21-3679284235-944100069-1290884414-519","PrincipalType":"Group","RightName":"GenericAll","IsInherited":true},{"PrincipalSID":"ESSOS.LOCAL-S-1-5-32-544","PrincipalType":"Group","RightName":"WriteDacl","IsInherited":true},{"PrincipalSID":"ESSOS.LOCAL-S-1-5-32-544","PrincipalType":"Group","RightName":"WriteOwner","IsInherited":true},{"PrincipalSID":"ESSOS.LOCAL-S-1-5-32-544","PrincipalType":"Group","RightName":"AllExtendedRights","IsInherited":true},{"PrincipalSID":"ESSOS.LOCAL-S-1-5-32-544","PrincipalType":"Group","RightName":"GenericWrite","IsInherited":true}],"ObjectIdentifier":"S-1-5-21-3679284235-944100069-1290884414-1118","IsDeleted":false,"IsACLProtected":false},{"Properties":{"domain":"ESSOS.LOCAL","name":"DEFAULTACCOUNT@ESSOS.LOCAL","distinguishedname":"CN=DEFAULTACCOUNT,CN=USERS,DC=ESSOS,DC=LOCAL","domainsid":"S-1-5-21-3679284235-944100069-1290884414","highvalue":false,"samaccountname":"DefaultAccount","description":"A user account managed by the system.","whencreated":1711355297,"sensitive":false,"dontreqpreauth":false,"passwordnotreqd":true,"unconstraineddelegation":false,"pwdneverexpires":true,"enabled":false,"trustedtoauth":false,"lastlogon":0,"lastlogontimestamp":-1,"pwdlastset":0,"serviceprincipalnames":[],"hasspn":false,"displayname":null,"email":null,"title":null,"homedirectory":null,"userpassword":null,"unixpassword":null,"unicodepassword":null,"sfupassword":null,"logonscript":null,"admincount":false,"sidhistory":[]},"AllowedToDelegate":[],"PrimaryGroupSID":"S-1-5-21-3679284235-944100069-1290884414-513","HasSIDHistory":[],"SPNTargets":[],"Aces":[{"PrincipalSID":"ESSOS.LOCAL-S-1-5-32-544","PrincipalType":"Group","RightName":"Owns","IsInherited":false},{"PrincipalSID":"ESSOS.LOCAL-S-1-5-32-548","PrincipalType":"Group","RightName":"GenericAll","IsInherited":false},{"PrincipalSID":"S-1-5-21-3679284235-944100069-1290884414-512","PrincipalType":"Group","RightName":"GenericAll","IsInherited":false},{"PrincipalSID":"S-1-5-21-3679284235-944100069-1290884414-526","PrincipalType":"Group","RightName":"AddKeyCredentialLink","IsInherited":true},{"PrincipalSID":"S-1-5-21-3679284235-944100069-1290884414-527","PrincipalType":"Group","RightName":"AddKeyCredentialLink","IsInherited":true},{"PrincipalSID":"S-1-5-21-3679284235-944100069-1290884414-519","PrincipalType":"Group","RightName":"GenericAll","IsInherited":true},{"PrincipalSID":"ESSOS.LOCAL-S-1-5-32-544","PrincipalType":"Group","RightName":"WriteDacl","IsInherited":true},{"PrincipalSID":"ESSOS.LOCAL-S-1-5-32-544","PrincipalType":"Group","RightName":"WriteOwner","IsInherited":true},{"PrincipalSID":"ESSOS.LOCAL-S-1-5-32-544","PrincipalType":"Group","RightName":"AllExtendedRights","IsInherited":true},{"PrincipalSID":"ESSOS.LOCAL-S-1-5-32-544","PrincipalType":"Group","RightName":"GenericWrite","IsInherited":true}],"ObjectIdentifier":"S-1-5-21-3679284235-944100069-1290884414-503","IsDeleted":false,"IsACLProtected":false},{"Properties":{"domain":"ESSOS.LOCAL","name":"KRBTGT@ESSOS.LOCAL","distinguishedname":"CN=KRBTGT,CN=USERS,DC=ESSOS,DC=LOCAL","domainsid":"S-1-5-21-3679284235-944100069-1290884414","highvalue":false,"samaccountname":"krbtgt","description":"Key Distribution Center Service Account","whencreated":1711355611,"sensitive":false,"dontreqpreauth":false,"passwordnotreqd":false,"unconstraineddelegation":false,"pwdneverexpires":false,"enabled":false,"trustedtoauth":false,"lastlogon":0,"lastlogontimestamp":-1,"pwdlastset":1711380811,"serviceprincipalnames":["kadmin/changepw"],"hasspn":true,"displayname":null,"email":null,"title":null,"homedirectory":null,"userpassword":null,"unixpassword":null,"unicodepassword":null,"sfupassword":null,"logonscript":null,"admincount":true,"sidhistory":[]},"AllowedToDelegate":[],"PrimaryGroupSID":"S-1-5-21-3679284235-944100069-1290884414-513","HasSIDHistory":[],"SPNTargets":[],"Aces":[{"PrincipalSID":"S-1-5-21-3679284235-944100069-1290884414-512","PrincipalType":"Group","RightName":"Owns","IsInherited":false},{"PrincipalSID":"ESSOS.LOCAL-S-1-5-32-544","PrincipalType":"Group","RightName":"WriteDacl","IsInherited":false},{"PrincipalSID":"ESSOS.LOCAL-S-1-5-32-544","PrincipalType":"Group","RightName":"WriteOwner","IsInherited":false},{"PrincipalSID":"ESSOS.LOCAL-S-1-5-32-544","PrincipalType":"Group","RightName":"AllExtendedRights","IsInherited":false},{"PrincipalSID":"ESSOS.LOCAL-S-1-5-32-544","PrincipalType":"Group","RightName":"GenericWrite","IsInherited":false},{"PrincipalSID":"S-1-5-21-3679284235-944100069-1290884414-512","PrincipalType":"Group","RightName":"WriteDacl","IsInherited":false},{"PrincipalSID":"S-1-5-21-3679284235-944100069-1290884414-512","PrincipalType":"Group","RightName":"WriteOwner","IsInherited":false},{"PrincipalSID":"S-1-5-21-3679284235-944100069-1290884414-512","PrincipalType":"Group","RightName":"AllExtendedRights","IsInherited":false},{"PrincipalSID":"S-1-5-21-3679284235-944100069-1290884414-512","PrincipalType":"Group","RightName":"GenericWrite","IsInherited":false},{"PrincipalSID":"S-1-5-21-3679284235-944100069-1290884414-519","PrincipalType":"Group","RightName":"WriteDacl","IsInherited":false},{"PrincipalSID":"S-1-5-21-3679284235-944100069-1290884414-519","PrincipalType":"Group","RightName":"WriteOwner","IsInherited":false},{"PrincipalSID":"S-1-5-21-3679284235-944100069-1290884414-519","PrincipalType":"Group","RightName":"AllExtendedRights","IsInherited":false},{"PrincipalSID":"S-1-5-21-3679284235-944100069-1290884414-519","PrincipalType":"Group","RightName":"GenericWrite","IsInherited":false}],"ObjectIdentifier":"S-1-5-21-3679284235-944100069-1290884414-502","IsDeleted":false,"IsACLProtected":true},{"Properties":{"domain":"ESSOS.LOCAL","name":"VAGRANT@ESSOS.LOCAL","distinguishedname":"CN=VAGRANT,CN=USERS,DC=ESSOS,DC=LOCAL","domainsid":"S-1-5-21-3679284235-944100069-1290884414","highvalue":false,"samaccountname":"vagrant","description":"Vagrant User","whencreated":1711355297,"sensitive":false,"dontreqpreauth":false,"passwordnotreqd":false,"unconstraineddelegation":false,"pwdneverexpires":true,"enabled":true,"trustedtoauth":false,"lastlogon":1713275389,"lastlogontimestamp":1713275385,"pwdlastset":1513324445,"serviceprincipalnames":[],"hasspn":false,"displayname":"Vagrant","email":null,"title":null,"homedirectory":null,"userpassword":null,"unixpassword":null,"unicodepassword":null,"sfupassword":null,"logonscript":null,"admincount":true,"sidhistory":[]},"AllowedToDelegate":[],"PrimaryGroupSID":"S-1-5-21-3679284235-944100069-1290884414-513","HasSIDHistory":[],"SPNTargets":[],"Aces":[{"PrincipalSID":"S-1-5-21-3679284235-944100069-1290884414-512","PrincipalType":"Group","RightName":"Owns","IsInherited":false},{"PrincipalSID":"ESSOS.LOCAL-S-1-5-32-544","PrincipalType":"Group","RightName":"WriteDacl","IsInherited":false},{"PrincipalSID":"ESSOS.LOCAL-S-1-5-32-544","PrincipalType":"Group","RightName":"WriteOwner","IsInherited":false},{"PrincipalSID":"ESSOS.LOCAL-S-1-5-32-544","PrincipalType":"Group","RightName":"AllExtendedRights","IsInherited":false},{"PrincipalSID":"ESSOS.LOCAL-S-1-5-32-544","PrincipalType":"Group","RightName":"GenericWrite","IsInherited":false},{"PrincipalSID":"S-1-5-21-3679284235-944100069-1290884414-512","PrincipalType":"Group","RightName":"WriteDacl","IsInherited":false},{"PrincipalSID":"S-1-5-21-3679284235-944100069-1290884414-512","PrincipalType":"Group","RightName":"WriteOwner","IsInherited":false},{"PrincipalSID":"S-1-5-21-3679284235-944100069-1290884414-512","PrincipalType":"Group","RightName":"AllExtendedRights","IsInherited":false},{"PrincipalSID":"S-1-5-21-3679284235-944100069-1290884414-512","PrincipalType":"Group","RightName":"GenericWrite","IsInherited":false},{"PrincipalSID":"S-1-5-21-3679284235-944100069-1290884414-519","PrincipalType":"Group","RightName":"WriteDacl","IsInherited":false},{"PrincipalSID":"S-1-5-21-3679284235-944100069-1290884414-519","PrincipalType":"Group","RightName":"WriteOwner","IsInherited":false},{"PrincipalSID":"S-1-5-21-3679284235-944100069-1290884414-519","PrincipalType":"Group","RightName":"AllExtendedRights","IsInherited":false},{"PrincipalSID":"S-1-5-21-3679284235-944100069-1290884414-519","PrincipalType":"Group","RightName":"GenericWrite","IsInherited":false}],"ObjectIdentifier":"S-1-5-21-3679284235-944100069-1290884414-1000","IsDeleted":false,"IsACLProtected":true},{"Properties":{"domain":"ESSOS.LOCAL","name":"VISERYS.TARGARYEN@ESSOS.LOCAL","distinguishedname":"CN=VISERYS.TARGARYEN,CN=USERS,DC=ESSOS,DC=LOCAL","domainsid":"S-1-5-21-3679284235-944100069-1290884414","highvalue":false,"samaccountname":"viserys.targaryen","description":"Viserys Targaryen","whencreated":1711357134,"sensitive":false,"dontreqpreauth":false,"passwordnotreqd":false,"unconstraineddelegation":false,"pwdneverexpires":true,"enabled":true,"trustedtoauth":false,"lastlogon":0,"lastlogontimestamp":-1,"pwdlastset":1711382334,"serviceprincipalnames":[],"hasspn":false,"displayname":null,"email":null,"title":null,"homedirectory":null,"userpassword":null,"unixpassword":null,"unicodepassword":null,"sfupassword":null,"logonscript":null,"admincount":false,"sidhistory":[]},"AllowedToDelegate":[],"PrimaryGroupSID":"S-1-5-21-3679284235-944100069-1290884414-513","HasSIDHistory":[],"SPNTargets":[],"Aces":[{"PrincipalSID":"S-1-5-21-3679284235-944100069-1290884414-512","PrincipalType":"Group","RightName":"Owns","IsInherited":false},{"PrincipalSID":"ESSOS.LOCAL-S-1-5-32-548","PrincipalType":"Group","RightName":"GenericAll","IsInherited":false},{"PrincipalSID":"S-1-5-21-3679284235-944100069-1290884414-512","PrincipalType":"Group","RightName":"GenericAll","IsInherited":false},{"PrincipalSID":"S-1-5-21-3679284235-944100069-1290884414-1114","PrincipalType":"User","RightName":"GenericAll","IsInherited":false},{"PrincipalSID":"S-1-5-21-3679284235-944100069-1290884414-526","PrincipalType":"Group","RightName":"AddKeyCredentialLink","IsInherited":true},{"PrincipalSID":"S-1-5-21-3679284235-944100069-1290884414-527","PrincipalType":"Group","RightName":"AddKeyCredentialLink","IsInherited":true},{"PrincipalSID":"S-1-5-21-3679284235-944100069-1290884414-519","PrincipalType":"Group","RightName":"GenericAll","IsInherited":true},{"PrincipalSID":"ESSOS.LOCAL-S-1-5-32-544","PrincipalType":"Group","RightName":"WriteDacl","IsInherited":true},{"PrincipalSID":"ESSOS.LOCAL-S-1-5-32-544","PrincipalType":"Group","RightName":"WriteOwner","IsInherited":true},{"PrincipalSID":"ESSOS.LOCAL-S-1-5-32-544","PrincipalType":"Group","RightName":"AllExtendedRights","IsInherited":true},{"PrincipalSID":"ESSOS.LOCAL-S-1-5-32-544","PrincipalType":"Group","RightName":"GenericWrite","IsInherited":true}],"ObjectIdentifier":"S-1-5-21-3679284235-944100069-1290884414-1113","IsDeleted":false,"IsACLProtected":false},{"Properties":{"domain":"ESSOS.LOCAL","name":"KHAL.DROGO@ESSOS.LOCAL","distinguishedname":"CN=KHAL.DROGO,CN=USERS,DC=ESSOS,DC=LOCAL","domainsid":"S-1-5-21-3679284235-944100069-1290884414","highvalue":false,"samaccountname":"khal.drogo","description":"Khal Drogo","whencreated":1711357135,"sensitive":false,"dontreqpreauth":false,"passwordnotreqd":false,"unconstraineddelegation":false,"pwdneverexpires":true,"enabled":true,"trustedtoauth":false,"lastlogon":0,"lastlogontimestamp":-1,"pwdlastset":1711382335,"serviceprincipalnames":[],"hasspn":false,"displayname":null,"email":null,"title":null,"homedirectory":null,"userpassword":null,"unixpassword":null,"unicodepassword":null,"sfupassword":null,"logonscript":null,"admincount":false,"sidhistory":[]},"AllowedToDelegate":[],"PrimaryGroupSID":"S-1-5-21-3679284235-944100069-1290884414-513","HasSIDHistory":[],"SPNTargets":[],"Aces":[{"PrincipalSID":"S-1-5-21-3679284235-944100069-1290884414-512","PrincipalType":"Group","RightName":"Owns","IsInherited":false},{"PrincipalSID":"ESSOS.LOCAL-S-1-5-32-548","PrincipalType":"Group","RightName":"GenericAll","IsInherited":false},{"PrincipalSID":"S-1-5-21-3679284235-944100069-1290884414-512","PrincipalType":"Group","RightName":"GenericAll","IsInherited":false},{"PrincipalSID":"S-1-5-21-3679284235-944100069-1290884414-1116","PrincipalType":"User","RightName":"GenericAll","IsInherited":false},{"PrincipalSID":"S-1-5-21-3679284235-944100069-1290884414-526","PrincipalType":"Group","RightName":"AddKeyCredentialLink","IsInherited":true},{"PrincipalSID":"S-1-5-21-3679284235-944100069-1290884414-527","PrincipalType":"Group","RightName":"AddKeyCredentialLink","IsInherited":true},{"PrincipalSID":"S-1-5-21-3679284235-944100069-1290884414-519","PrincipalType":"Group","RightName":"GenericAll","IsInherited":true},{"PrincipalSID":"ESSOS.LOCAL-S-1-5-32-544","PrincipalType":"Group","RightName":"WriteDacl","IsInherited":true},{"PrincipalSID":"ESSOS.LOCAL-S-1-5-32-544","PrincipalType":"Group","RightName":"WriteOwner","IsInherited":true},{"PrincipalSID":"ESSOS.LOCAL-S-1-5-32-544","PrincipalType":"Group","RightName":"AllExtendedRights","IsInherited":true},{"PrincipalSID":"ESSOS.LOCAL-S-1-5-32-544","PrincipalType":"Group","RightName":"GenericWrite","IsInherited":true}],"ObjectIdentifier":"S-1-5-21-3679284235-944100069-1290884414-1114","IsDeleted":false,"IsACLProtected":false}],"meta":{"methods":29695,"type":"users","count":13,"version":5}}