﻿{"data":[{"Properties":{"domain":"ESSOS.LOCAL","name":"DEFAULT DOMAIN POLICY@ESSOS.LOCAL","distinguishedname":"CN={31B2F340-016D-11D2-945F-00C04FB984F9},CN=POLICIES,CN=SYSTEM,DC=ESSOS,DC=LOCAL","domainsid":"S-1-5-21-3679284235-944100069-1290884414","highvalue":false,"description":null,"whencreated":1711355296,"gpcpath":"\\\\ESSOS.LOCAL\\SYSVOL\\ESSOS.LOCAL\\POLICIES\\{31B2F340-016D-11D2-945F-00C04FB984F9}"},"Aces":[{"PrincipalSID":"S-1-5-21-3679284235-944100069-1290884414-512","PrincipalType":"Group","RightName":"Owns","IsInherited":false},{"PrincipalSID":"S-1-5-21-3679284235-944100069-1290884414-512","PrincipalType":"Group","RightName":"WriteDacl","IsInherited":false},{"PrincipalSID":"S-1-5-21-3679284235-944100069-1290884414-512","PrincipalType":"Group","RightName":"WriteOwner","IsInherited":false},{"PrincipalSID":"S-1-5-21-3679284235-944100069-1290884414-512","PrincipalType":"Group","RightName":"GenericWrite","IsInherited":false},{"PrincipalSID":"S-1-5-21-3679284235-944100069-1290884414-512","PrincipalType":"Group","RightName":"WriteDacl","IsInherited":false},{"PrincipalSID":"S-1-5-21-3679284235-944100069-1290884414-512","PrincipalType":"Group","RightName":"WriteOwner","IsInherited":false},{"PrincipalSID":"S-1-5-21-3679284235-944100069-1290884414-512","PrincipalType":"Group","RightName":"GenericWrite","IsInherited":false},{"PrincipalSID":"S-1-5-21-3679284235-944100069-1290884414-519","PrincipalType":"Group","RightName":"WriteDacl","IsInherited":false},{"PrincipalSID":"S-1-5-21-3679284235-944100069-1290884414-519","PrincipalType":"Group","RightName":"WriteOwner","IsInherited":false},{"PrincipalSID":"S-1-5-21-3679284235-944100069-1290884414-519","PrincipalType":"Group","RightName":"GenericWrite","IsInherited":false}],"ObjectIdentifier":"DA77AF13-B3F6-4E85-9819-F6D3413784D5","IsDeleted":false,"IsACLProtected":true},{"Properties":{"domain":"ESSOS.LOCAL","name":"DEFAULT DOMAIN CONTROLLERS POLICY@ESSOS.LOCAL","distinguishedname":"CN={6AC1786C-016F-11D2-945F-00C04FB984F9},CN=POLICIES,CN=SYSTEM,DC=ESSOS,DC=LOCAL","domainsid":"S-1-5-21-3679284235-944100069-1290884414","highvalue":false,"description":null,"whencreated":1711355296,"gpcpath":"\\\\ESSOS.LOCAL\\SYSVOL\\ESSOS.LOCAL\\POLICIES\\{6AC1786C-016F-11D2-945F-00C04FB984F9}"},"Aces":[{"PrincipalSID":"S-1-5-21-3679284235-944100069-1290884414-512","PrincipalType":"Group","RightName":"Owns","IsInherited":false},{"PrincipalSID":"S-1-5-21-3679284235-944100069-1290884414-512","PrincipalType":"Group","RightName":"WriteDacl","IsInherited":false},{"PrincipalSID":"S-1-5-21-3679284235-944100069-1290884414-512","PrincipalType":"Group","RightName":"WriteOwner","IsInherited":false},{"PrincipalSID":"S-1-5-21-3679284235-944100069-1290884414-512","PrincipalType":"Group","RightName":"GenericWrite","IsInherited":false},{"PrincipalSID":"S-1-5-21-3679284235-944100069-1290884414-512","PrincipalType":"Group","RightName":"WriteDacl","IsInherited":false},{"PrincipalSID":"S-1-5-21-3679284235-944100069-1290884414-512","PrincipalType":"Group","RightName":"WriteOwner","IsInherited":false},{"PrincipalSID":"S-1-5-21-3679284235-944100069-1290884414-512","PrincipalType":"Group","RightName":"GenericWrite","IsInherited":false},{"PrincipalSID":"S-1-5-21-3679284235-944100069-1290884414-519","PrincipalType":"Group","RightName":"WriteDacl","IsInherited":false},{"PrincipalSID":"S-1-5-21-3679284235-944100069-1290884414-519","PrincipalType":"Group","RightName":"WriteOwner","IsInherited":false},{"PrincipalSID":"S-1-5-21-3679284235-944100069-1290884414-519","PrincipalType":"Group","RightName":"GenericWrite","IsInherited":false}],"ObjectIdentifier":"6311DB74-6D6B-4ED7-8A81-1924C2662C47","IsDeleted":false,"IsACLProtected":true},{"Properties":{"domain":"ESSOS.LOCAL","name":"ANSIBLE-LAPS@ESSOS.LOCAL","distinguishedname":"CN={9AE8C803-2B55-4BE6-A583-38221A053EF5},CN=POLICIES,CN=SYSTEM,DC=ESSOS,DC=LOCAL","domainsid":"S-1-5-21-3679284235-944100069-1290884414","highvalue":false,"description":null,"whencreated":1711357200,"gpcpath":"\\\\ESSOS.LOCAL\\SYSVOL\\ESSOS.LOCAL\\POLICIES\\{9AE8C803-2B55-4BE6-A583-38221A053EF5}"},"Aces":[{"PrincipalSID":"S-1-5-21-3679284235-944100069-1290884414-1000","PrincipalType":"User","RightName":"Owns","IsInherited":false},{"PrincipalSID":"S-1-5-21-3679284235-944100069-1290884414-512","PrincipalType":"Group","RightName":"WriteDacl","IsInherited":false},{"PrincipalSID":"S-1-5-21-3679284235-944100069-1290884414-512","PrincipalType":"Group","RightName":"WriteOwner","IsInherited":false},{"PrincipalSID":"S-1-5-21-3679284235-944100069-1290884414-512","PrincipalType":"Group","RightName":"GenericWrite","IsInherited":false},{"PrincipalSID":"S-1-5-21-3679284235-944100069-1290884414-519","PrincipalType":"Group","RightName":"WriteDacl","IsInherited":false},{"PrincipalSID":"S-1-5-21-3679284235-944100069-1290884414-519","PrincipalType":"Group","RightName":"WriteOwner","IsInherited":false},{"PrincipalSID":"S-1-5-21-3679284235-944100069-1290884414-519","PrincipalType":"Group","RightName":"GenericWrite","IsInherited":false},{"PrincipalSID":"S-1-5-21-3679284235-944100069-1290884414-1000","PrincipalType":"User","RightName":"WriteDacl","IsInherited":false},{"PrincipalSID":"S-1-5-21-3679284235-944100069-1290884414-1000","PrincipalType":"User","RightName":"WriteOwner","IsInherited":false},{"PrincipalSID":"S-1-5-21-3679284235-944100069-1290884414-1000","PrincipalType":"User","RightName":"GenericWrite","IsInherited":false}],"ObjectIdentifier":"79A4C4A1-4C9B-48BB-9AAD-44609A101E50","IsDeleted":false,"IsACLProtected":true}],"meta":{"methods":29695,"type":"gpos","count":3,"version":5}}