﻿{"data":[{"Properties":{"domain":"ESSOS.LOCAL","name":"POLICYTEMPLATE@ESSOS.LOCAL","distinguishedname":"CN=POLICYTEMPLATE,CN=WMIPOLICY,CN=SYSTEM,DC=ESSOS,DC=LOCAL","domainsid":"S-1-5-21-3679284235-944100069-1290884414","highvalue":false},"ChildObjects":[],"Aces":[{"PrincipalSID":"S-1-5-21-3679284235-944100069-1290884414-512","PrincipalType":"Group","RightName":"Owns","IsInherited":false},{"PrincipalSID":"S-1-5-21-3679284235-944100069-1290884414-512","PrincipalType":"Group","RightName":"WriteDacl","IsInherited":false},{"PrincipalSID":"S-1-5-21-3679284235-944100069-1290884414-512","PrincipalType":"Group","RightName":"WriteOwner","IsInherited":false},{"PrincipalSID":"S-1-5-21-3679284235-944100069-1290884414-519","PrincipalType":"Group","RightName":"GenericAll","IsInherited":true},{"PrincipalSID":"S-1-5-21-3679284235-944100069-1290884414-512","PrincipalType":"Group","RightName":"GenericAll","IsInherited":true}],"ObjectIdentifier":"1B24D9CF-C736-4FA7-9B59-A44D45028137","IsDeleted":false,"IsACLProtected":false},{"Properties":{"domain":"ESSOS.LOCAL","name":"POLICYTYPE@ESSOS.LOCAL","distinguishedname":"CN=POLICYTYPE,CN=WMIPOLICY,CN=SYSTEM,DC=ESSOS,DC=LOCAL","domainsid":"S-1-5-21-3679284235-944100069-1290884414","highvalue":false},"ChildObjects":[],"Aces":[{"PrincipalSID":"S-1-5-21-3679284235-944100069-1290884414-512","PrincipalType":"Group","RightName":"Owns","IsInherited":false},{"PrincipalSID":"S-1-5-21-3679284235-944100069-1290884414-512","PrincipalType":"Group","RightName":"WriteDacl","IsInherited":false},{"PrincipalSID":"S-1-5-21-3679284235-944100069-1290884414-512","PrincipalType":"Group","RightName":"WriteOwner","IsInherited":false},{"PrincipalSID":"S-1-5-21-3679284235-944100069-1290884414-519","PrincipalType":"Group","RightName":"GenericAll","IsInherited":true},{"PrincipalSID":"S-1-5-21-3679284235-944100069-1290884414-512","PrincipalType":"Group","RightName":"GenericAll","IsInherited":true}],"ObjectIdentifier":"BAE1E133-B935-4223-86CB-5040D5A4C14B","IsDeleted":false,"IsACLProtected":false},{"Properties":{"domain":"ESSOS.LOCAL","name":"WMIPOLICY@ESSOS.LOCAL","distinguishedname":"CN=WMIPOLICY,CN=SYSTEM,DC=ESSOS,DC=LOCAL","domainsid":"S-1-5-21-3679284235-944100069-1290884414","highvalue":false},"ChildObjects":[],"Aces":[{"PrincipalSID":"S-1-5-21-3679284235-944100069-1290884414-512","PrincipalType":"Group","RightName":"Owns","IsInherited":false},{"PrincipalSID":"S-1-5-21-3679284235-944100069-1290884414-512","PrincipalType":"Group","RightName":"GenericAll","IsInherited":false},{"PrincipalSID":"S-1-5-21-3679284235-944100069-1290884414-519","PrincipalType":"Group","RightName":"GenericAll","IsInherited":false}],"ObjectIdentifier":"EB8C59D6-A97D-4F32-9415-1A32EB9C2F93","IsDeleted":false,"IsACLProtected":true},{"Properties":{"domain":"ESSOS.LOCAL","name":"WMIGPO@ESSOS.LOCAL","distinguishedname":"CN=WMIGPO,CN=WMIPOLICY,CN=SYSTEM,DC=ESSOS,DC=LOCAL","domainsid":"S-1-5-21-3679284235-944100069-1290884414","highvalue":false},"ChildObjects":[],"Aces":[{"PrincipalSID":"S-1-5-21-3679284235-944100069-1290884414-512","PrincipalType":"Group","RightName":"Owns","IsInherited":false},{"PrincipalSID":"S-1-5-21-3679284235-944100069-1290884414-512","PrincipalType":"Group","RightName":"WriteDacl","IsInherited":false},{"PrincipalSID":"S-1-5-21-3679284235-944100069-1290884414-512","PrincipalType":"Group","RightName":"WriteOwner","IsInherited":false},{"PrincipalSID":"S-1-5-21-3679284235-944100069-1290884414-519","PrincipalType":"Group","RightName":"GenericAll","IsInherited":true},{"PrincipalSID":"S-1-5-21-3679284235-944100069-1290884414-512","PrincipalType":"Group","RightName":"GenericAll","IsInherited":true}],"ObjectIdentifier":"B02DA3CD-177B-43C7-9E17-BD114055C513","IsDeleted":false,"IsACLProtected":false},{"Properties":{"domain":"ESSOS.LOCAL","name":"COMPUTERS@ESSOS.LOCAL","distinguishedname":"CN=COMPUTERS,DC=ESSOS,DC=LOCAL","domainsid":"S-1-5-21-3679284235-944100069-1290884414","highvalue":false},"ChildObjects":[],"Aces":[{"PrincipalSID":"S-1-5-21-3679284235-944100069-1290884414-512","PrincipalType":"Group","RightName":"Owns","IsInherited":false},{"PrincipalSID":"S-1-5-21-3679284235-944100069-1290884414-512","PrincipalType":"Group","RightName":"WriteDacl","IsInherited":false},{"PrincipalSID":"S-1-5-21-3679284235-944100069-1290884414-512","PrincipalType":"Group","RightName":"WriteOwner","IsInherited":false},{"PrincipalSID":"S-1-5-21-3679284235-944100069-1290884414-519","PrincipalType":"Group","RightName":"GenericAll","IsInherited":true},{"PrincipalSID":"ESSOS.LOCAL-S-1-5-32-544","PrincipalType":"Group","RightName":"WriteDacl","IsInherited":true},{"PrincipalSID":"ESSOS.LOCAL-S-1-5-32-544","PrincipalType":"Group","RightName":"WriteOwner","IsInherited":true}],"ObjectIdentifier":"F3FE3BDE-0040-42F4-9B42-09A75322C75B","IsDeleted":false,"IsACLProtected":false},{"Properties":{"domain":"ESSOS.LOCAL","name":"MANAGED SERVICE ACCOUNTS@ESSOS.LOCAL","distinguishedname":"CN=MANAGED SERVICE ACCOUNTS,DC=ESSOS,DC=LOCAL","domainsid":"S-1-5-21-3679284235-944100069-1290884414","highvalue":false},"ChildObjects":[{"ObjectIdentifier":"S-1-5-21-3679284235-944100069-1290884414-1119","ObjectType":"User"}],"Aces":[{"PrincipalSID":"S-1-5-21-3679284235-944100069-1290884414-512","PrincipalType":"Group","RightName":"Owns","IsInherited":false},{"PrincipalSID":"S-1-5-21-3679284235-944100069-1290884414-512","PrincipalType":"Group","RightName":"WriteDacl","IsInherited":false},{"PrincipalSID":"S-1-5-21-3679284235-944100069-1290884414-512","PrincipalType":"Group","RightName":"WriteOwner","IsInherited":false},{"PrincipalSID":"S-1-5-21-3679284235-944100069-1290884414-519","PrincipalType":"Group","RightName":"GenericAll","IsInherited":true},{"PrincipalSID":"ESSOS.LOCAL-S-1-5-32-544","PrincipalType":"Group","RightName":"WriteDacl","IsInherited":true},{"PrincipalSID":"ESSOS.LOCAL-S-1-5-32-544","PrincipalType":"Group","RightName":"WriteOwner","IsInherited":true}],"ObjectIdentifier":"078475FD-43D1-42A1-A118-8D83D21EAC05","IsDeleted":false,"IsACLProtected":false},{"Properties":{"domain":"ESSOS.LOCAL","name":"RPCSERVICES@ESSOS.LOCAL","distinguishedname":"CN=RPCSERVICES,CN=SYSTEM,DC=ESSOS,DC=LOCAL","domainsid":"S-1-5-21-3679284235-944100069-1290884414","highvalue":false},"ChildObjects":[],"Aces":[{"PrincipalSID":"S-1-5-21-3679284235-944100069-1290884414-512","PrincipalType":"Group","RightName":"Owns","IsInherited":false},{"PrincipalSID":"S-1-5-21-3679284235-944100069-1290884414-512","PrincipalType":"Group","RightName":"WriteDacl","IsInherited":false},{"PrincipalSID":"S-1-5-21-3679284235-944100069-1290884414-512","PrincipalType":"Group","RightName":"WriteOwner","IsInherited":false},{"PrincipalSID":"S-1-5-21-3679284235-944100069-1290884414-519","PrincipalType":"Group","RightName":"GenericAll","IsInherited":true},{"PrincipalSID":"ESSOS.LOCAL-S-1-5-32-544","PrincipalType":"Group","RightName":"WriteDacl","IsInherited":true},{"PrincipalSID":"ESSOS.LOCAL-S-1-5-32-544","PrincipalType":"Group","RightName":"WriteOwner","IsInherited":true}],"ObjectIdentifier":"345AC24C-9A0C-468A-84EF-876CA1D50E11","IsDeleted":false,"IsACLProtected":false},{"Properties":{"domain":"ESSOS.LOCAL","name":"WINSOCKSERVICES@ESSOS.LOCAL","distinguishedname":"CN=WINSOCKSERVICES,CN=SYSTEM,DC=ESSOS,DC=LOCAL","domainsid":"S-1-5-21-3679284235-944100069-1290884414","highvalue":false},"ChildObjects":[],"Aces":[{"PrincipalSID":"S-1-5-21-3679284235-944100069-1290884414-512","PrincipalType":"Group","RightName":"Owns","IsInherited":false},{"PrincipalSID":"S-1-5-21-3679284235-944100069-1290884414-512","PrincipalType":"Group","RightName":"WriteDacl","IsInherited":false},{"PrincipalSID":"S-1-5-21-3679284235-944100069-1290884414-512","PrincipalType":"Group","RightName":"WriteOwner","IsInherited":false},{"PrincipalSID":"S-1-5-21-3679284235-944100069-1290884414-519","PrincipalType":"Group","RightName":"GenericAll","IsInherited":true},{"PrincipalSID":"ESSOS.LOCAL-S-1-5-32-544","PrincipalType":"Group","RightName":"WriteDacl","IsInherited":true},{"PrincipalSID":"ESSOS.LOCAL-S-1-5-32-544","PrincipalType":"Group","RightName":"WriteOwner","IsInherited":true}],"ObjectIdentifier":"9E912E9C-5FC2-48D1-AA27-CB1543545562","IsDeleted":false,"IsACLProtected":false},{"Properties":{"domain":"ESSOS.LOCAL","name":"POLICIES@ESSOS.LOCAL","distinguishedname":"CN=POLICIES,CN=SYSTEM,DC=ESSOS,DC=LOCAL","domainsid":"S-1-5-21-3679284235-944100069-1290884414","highvalue":false},"ChildObjects":[],"Aces":[{"PrincipalSID":"S-1-5-21-3679284235-944100069-1290884414-512","PrincipalType":"Group","RightName":"Owns","IsInherited":false},{"PrincipalSID":"S-1-5-21-3679284235-944100069-1290884414-512","PrincipalType":"Group","RightName":"WriteDacl","IsInherited":false},{"PrincipalSID":"S-1-5-21-3679284235-944100069-1290884414-512","PrincipalType":"Group","RightName":"WriteOwner","IsInherited":false},{"PrincipalSID":"S-1-5-21-3679284235-944100069-1290884414-519","PrincipalType":"Group","RightName":"GenericAll","IsInherited":true},{"PrincipalSID":"ESSOS.LOCAL-S-1-5-32-544","PrincipalType":"Group","RightName":"WriteDacl","IsInherited":true},{"PrincipalSID":"ESSOS.LOCAL-S-1-5-32-544","PrincipalType":"Group","RightName":"WriteOwner","IsInherited":true}],"ObjectIdentifier":"2E83CA58-7EF9-4360-922B-031185C00AB8","IsDeleted":false,"IsACLProtected":false},{"Properties":{"domain":"ESSOS.LOCAL","name":"COMPARTITIONSETS@ESSOS.LOCAL","distinguishedname":"CN=COMPARTITIONSETS,CN=SYSTEM,DC=ESSOS,DC=LOCAL","domainsid":"S-1-5-21-3679284235-944100069-1290884414","highvalue":false},"ChildObjects":[],"Aces":[{"PrincipalSID":"S-1-5-21-3679284235-944100069-1290884414-512","PrincipalType":"Group","RightName":"Owns","IsInherited":false},{"PrincipalSID":"S-1-5-21-3679284235-944100069-1290884414-512","PrincipalType":"Group","RightName":"WriteDacl","IsInherited":false},{"PrincipalSID":"S-1-5-21-3679284235-944100069-1290884414-512","PrincipalType":"Group","RightName":"WriteOwner","IsInherited":false},{"PrincipalSID":"S-1-5-21-3679284235-944100069-1290884414-519","PrincipalType":"Group","RightName":"GenericAll","IsInherited":true},{"PrincipalSID":"ESSOS.LOCAL-S-1-5-32-544","PrincipalType":"Group","RightName":"WriteDacl","IsInherited":true},{"PrincipalSID":"ESSOS.LOCAL-S-1-5-32-544","PrincipalType":"Group","RightName":"WriteOwner","IsInherited":true}],"ObjectIdentifier":"046989D4-7FE5-4E5B-8290-F2C897EF5519","IsDeleted":false,"IsACLProtected":false},{"Properties":{"domain":"ESSOS.LOCAL","name":"ADMINSDHOLDER@ESSOS.LOCAL","distinguishedname":"CN=ADMINSDHOLDER,CN=SYSTEM,DC=ESSOS,DC=LOCAL","domainsid":"S-1-5-21-3679284235-944100069-1290884414","highvalue":false},"ChildObjects":[],"Aces":[{"PrincipalSID":"S-1-5-21-3679284235-944100069-1290884414-512","PrincipalType":"Group","RightName":"Owns","IsInherited":false},{"PrincipalSID":"ESSOS.LOCAL-S-1-5-32-544","PrincipalType":"Group","RightName":"WriteDacl","IsInherited":false},{"PrincipalSID":"ESSOS.LOCAL-S-1-5-32-544","PrincipalType":"Group","RightName":"WriteOwner","IsInherited":false},{"PrincipalSID":"S-1-5-21-3679284235-944100069-1290884414-512","PrincipalType":"Group","RightName":"WriteDacl","IsInherited":false},{"PrincipalSID":"S-1-5-21-3679284235-944100069-1290884414-512","PrincipalType":"Group","RightName":"WriteOwner","IsInherited":false},{"PrincipalSID":"S-1-5-21-3679284235-944100069-1290884414-519","PrincipalType":"Group","RightName":"WriteDacl","IsInherited":false},{"PrincipalSID":"S-1-5-21-3679284235-944100069-1290884414-519","PrincipalType":"Group","RightName":"WriteOwner","IsInherited":false}],"ObjectIdentifier":"D7A80274-BECD-4E79-B466-C737FD9304A2","IsDeleted":false,"IsACLProtected":true},{"Properties":{"domain":"ESSOS.LOCAL","name":"PSPS@ESSOS.LOCAL","distinguishedname":"CN=PSPS,CN=SYSTEM,DC=ESSOS,DC=LOCAL","domainsid":"S-1-5-21-3679284235-944100069-1290884414","highvalue":false},"ChildObjects":[],"Aces":[{"PrincipalSID":"S-1-5-21-3679284235-944100069-1290884414-512","PrincipalType":"Group","RightName":"Owns","IsInherited":false},{"PrincipalSID":"S-1-5-21-3679284235-944100069-1290884414-512","PrincipalType":"Group","RightName":"GenericAll","IsInherited":false},{"PrincipalSID":"S-1-5-21-3679284235-944100069-1290884414-519","PrincipalType":"Group","RightName":"GenericAll","IsInherited":true},{"PrincipalSID":"ESSOS.LOCAL-S-1-5-32-544","PrincipalType":"Group","RightName":"WriteDacl","IsInherited":true},{"PrincipalSID":"ESSOS.LOCAL-S-1-5-32-544","PrincipalType":"Group","RightName":"WriteOwner","IsInherited":true}],"ObjectIdentifier":"81BE2784-2DC6-4995-976C-47149F8FB42E","IsDeleted":false,"IsACLProtected":false},{"Properties":{"domain":"ESSOS.LOCAL","name":"SYSTEM@ESSOS.LOCAL","distinguishedname":"CN=SYSTEM,DC=ESSOS,DC=LOCAL","domainsid":"S-1-5-21-3679284235-944100069-1290884414","highvalue":false},"ChildObjects":[],"Aces":[{"PrincipalSID":"S-1-5-21-3679284235-944100069-1290884414-512","PrincipalType":"Group","RightName":"Owns","IsInherited":false},{"PrincipalSID":"S-1-5-21-3679284235-944100069-1290884414-512","PrincipalType":"Group","RightName":"WriteDacl","IsInherited":false},{"PrincipalSID":"S-1-5-21-3679284235-944100069-1290884414-512","PrincipalType":"Group","RightName":"WriteOwner","IsInherited":false},{"PrincipalSID":"S-1-5-21-3679284235-944100069-1290884414-519","PrincipalType":"Group","RightName":"GenericAll","IsInherited":true},{"PrincipalSID":"ESSOS.LOCAL-S-1-5-32-544","PrincipalType":"Group","RightName":"WriteDacl","IsInherited":true},{"PrincipalSID":"ESSOS.LOCAL-S-1-5-32-544","PrincipalType":"Group","RightName":"WriteOwner","IsInherited":true}],"ObjectIdentifier":"393084E2-93C4-4EFA-9E55-BCF09B5E8158","IsDeleted":false,"IsACLProtected":false},{"Properties":{"domain":"ESSOS.LOCAL","name":"USERS@ESSOS.LOCAL","distinguishedname":"CN=USERS,DC=ESSOS,DC=LOCAL","domainsid":"S-1-5-21-3679284235-944100069-1290884414","highvalue":false},"ChildObjects":[{"ObjectIdentifier":"S-1-5-21-3679284235-944100069-1290884414-500","ObjectType":"User"},{"ObjectIdentifier":"S-1-5-21-3679284235-944100069-1290884414-571","ObjectType":"Group"},{"ObjectIdentifier":"S-1-5-21-3679284235-944100069-1290884414-517","ObjectType":"Group"},{"ObjectIdentifier":"S-1-5-21-3679284235-944100069-1290884414-522","ObjectType":"Group"},{"ObjectIdentifier":"S-1-5-21-3679284235-944100069-1290884414-1112","ObjectType":"Base"},{"ObjectIdentifier":"S-1-5-21-3679284235-944100069-1290884414-503","ObjectType":"User"},{"ObjectIdentifier":"S-1-5-21-3679284235-944100069-1290884414-572","ObjectType":"Group"},{"ObjectIdentifier":"S-1-5-21-3679284235-944100069-1290884414-1102","ObjectType":"Group"},{"ObjectIdentifier":"S-1-5-21-3679284235-944100069-1290884414-1103","ObjectType":"Group"},{"ObjectIdentifier":"S-1-5-21-3679284235-944100069-1290884414-512","ObjectType":"Group"},{"ObjectIdentifier":"S-1-5-21-3679284235-944100069-1290884414-515","ObjectType":"Group"},{"ObjectIdentifier":"S-1-5-21-3679284235-944100069-1290884414-516","ObjectType":"Group"},{"ObjectIdentifier":"S-1-5-21-3679284235-944100069-1290884414-514","ObjectType":"Group"},{"ObjectIdentifier":"S-1-5-21-3679284235-944100069-1290884414-513","ObjectType":"Group"},{"ObjectIdentifier":"S-1-5-21-3679284235-944100069-1290884414-1107","ObjectType":"Group"},{"ObjectIdentifier":"S-1-5-21-3679284235-944100069-1290884414-1108","ObjectType":"Group"},{"ObjectIdentifier":"S-1-5-21-3679284235-944100069-1290884414-1110","ObjectType":"Group"},{"ObjectIdentifier":"S-1-5-21-3679284235-944100069-1290884414-1117","ObjectType":"User"},{"ObjectIdentifier":"S-1-5-21-3679284235-944100069-1290884414-519","ObjectType":"Group"},{"ObjectIdentifier":"S-1-5-21-3679284235-944100069-1290884414-527","ObjectType":"Group"},{"ObjectIdentifier":"S-1-5-21-3679284235-944100069-1290884414-498","ObjectType":"Group"},{"ObjectIdentifier":"S-1-5-21-3679284235-944100069-1290884414-520","ObjectType":"Group"},{"ObjectIdentifier":"S-1-5-21-3679284235-944100069-1290884414-501","ObjectType":"User"},{"ObjectIdentifier":"S-1-5-21-3679284235-944100069-1290884414-1115","ObjectType":"User"},{"ObjectIdentifier":"S-1-5-21-3679284235-944100069-1290884414-526","ObjectType":"Group"},{"ObjectIdentifier":"S-1-5-21-3679284235-944100069-1290884414-1114","ObjectType":"User"},{"ObjectIdentifier":"S-1-5-21-3679284235-944100069-1290884414-502","ObjectType":"User"},{"ObjectIdentifier":"S-1-5-21-3679284235-944100069-1290884414-1116","ObjectType":"User"},{"ObjectIdentifier":"S-1-5-21-3679284235-944100069-1290884414-525","ObjectType":"Group"},{"ObjectIdentifier":"S-1-5-21-3679284235-944100069-1290884414-1109","ObjectType":"Group"},{"ObjectIdentifier":"S-1-5-21-3679284235-944100069-1290884414-553","ObjectType":"Group"},{"ObjectIdentifier":"S-1-5-21-3679284235-944100069-1290884414-521","ObjectType":"Group"},{"ObjectIdentifier":"S-1-5-21-3679284235-944100069-1290884414-518","ObjectType":"Group"},{"ObjectIdentifier":"S-1-5-21-3679284235-944100069-1290884414-1111","ObjectType":"Group"},{"ObjectIdentifier":"S-1-5-21-3679284235-944100069-1290884414-1118","ObjectType":"User"},{"ObjectIdentifier":"S-1-5-21-3679284235-944100069-1290884414-1106","ObjectType":"Group"},{"ObjectIdentifier":"S-1-5-21-3679284235-944100069-1290884414-1000","ObjectType":"User"},{"ObjectIdentifier":"S-1-5-21-3679284235-944100069-1290884414-1113","ObjectType":"User"}],"Aces":[{"PrincipalSID":"S-1-5-21-3679284235-944100069-1290884414-512","PrincipalType":"Group","RightName":"Owns","IsInherited":false},{"PrincipalSID":"S-1-5-21-3679284235-944100069-1290884414-512","PrincipalType":"Group","RightName":"WriteDacl","IsInherited":false},{"PrincipalSID":"S-1-5-21-3679284235-944100069-1290884414-512","PrincipalType":"Group","RightName":"WriteOwner","IsInherited":false},{"PrincipalSID":"S-1-5-21-3679284235-944100069-1290884414-519","PrincipalType":"Group","RightName":"GenericAll","IsInherited":true},{"PrincipalSID":"ESSOS.LOCAL-S-1-5-32-544","PrincipalType":"Group","RightName":"WriteDacl","IsInherited":true},{"PrincipalSID":"ESSOS.LOCAL-S-1-5-32-544","PrincipalType":"Group","RightName":"WriteOwner","IsInherited":true}],"ObjectIdentifier":"FF3BE0C3-CD98-431D-8DEF-FD52D248E8C0","IsDeleted":false,"IsACLProtected":false},{"Properties":{"domain":"ESSOS.LOCAL","name":"SOM@ESSOS.LOCAL","distinguishedname":"CN=SOM,CN=WMIPOLICY,CN=SYSTEM,DC=ESSOS,DC=LOCAL","domainsid":"S-1-5-21-3679284235-944100069-1290884414","highvalue":false},"ChildObjects":[],"Aces":[{"PrincipalSID":"S-1-5-21-3679284235-944100069-1290884414-512","PrincipalType":"Group","RightName":"Owns","IsInherited":false},{"PrincipalSID":"S-1-5-21-3679284235-944100069-1290884414-512","PrincipalType":"Group","RightName":"GenericAll","IsInherited":false},{"PrincipalSID":"S-1-5-21-3679284235-944100069-1290884414-519","PrincipalType":"Group","RightName":"GenericAll","IsInherited":false}],"ObjectIdentifier":"D354840A-9023-4F36-96EC-CF33C631B84C","IsDeleted":false,"IsACLProtected":true},{"Properties":{"domain":"ESSOS.LOCAL","name":"MEETINGS@ESSOS.LOCAL","distinguishedname":"CN=MEETINGS,CN=SYSTEM,DC=ESSOS,DC=LOCAL","domainsid":"S-1-5-21-3679284235-944100069-1290884414","highvalue":false},"ChildObjects":[],"Aces":[{"PrincipalSID":"S-1-5-21-3679284235-944100069-1290884414-512","PrincipalType":"Group","RightName":"Owns","IsInherited":false},{"PrincipalSID":"S-1-5-21-3679284235-944100069-1290884414-512","PrincipalType":"Group","RightName":"WriteDacl","IsInherited":false},{"PrincipalSID":"S-1-5-21-3679284235-944100069-1290884414-512","PrincipalType":"Group","RightName":"WriteOwner","IsInherited":false},{"PrincipalSID":"S-1-5-21-3679284235-944100069-1290884414-519","PrincipalType":"Group","RightName":"GenericAll","IsInherited":true},{"PrincipalSID":"ESSOS.LOCAL-S-1-5-32-544","PrincipalType":"Group","RightName":"WriteDacl","IsInherited":true},{"PrincipalSID":"ESSOS.LOCAL-S-1-5-32-544","PrincipalType":"Group","RightName":"WriteOwner","IsInherited":true}],"ObjectIdentifier":"FBDD9A24-B3AE-47B6-B5FA-5113ED69B8AC","IsDeleted":false,"IsACLProtected":false},{"Properties":{"domain":"ESSOS.LOCAL","name":"PROGRAM DATA@ESSOS.LOCAL","distinguishedname":"CN=PROGRAM DATA,DC=ESSOS,DC=LOCAL","domainsid":"S-1-5-21-3679284235-944100069-1290884414","highvalue":false},"ChildObjects":[],"Aces":[{"PrincipalSID":"S-1-5-21-3679284235-944100069-1290884414-512","PrincipalType":"Group","RightName":"Owns","IsInherited":false},{"PrincipalSID":"S-1-5-21-3679284235-944100069-1290884414-512","PrincipalType":"Group","RightName":"GenericAll","IsInherited":false},{"PrincipalSID":"S-1-5-21-3679284235-944100069-1290884414-519","PrincipalType":"Group","RightName":"GenericAll","IsInherited":true},{"PrincipalSID":"ESSOS.LOCAL-S-1-5-32-544","PrincipalType":"Group","RightName":"WriteDacl","IsInherited":true},{"PrincipalSID":"ESSOS.LOCAL-S-1-5-32-544","PrincipalType":"Group","RightName":"WriteOwner","IsInherited":true}],"ObjectIdentifier":"C195B801-6BBC-452F-8770-57D1D79006A8","IsDeleted":false,"IsACLProtected":false},{"Properties":{"domain":"ESSOS.LOCAL","name":"FOREIGNSECURITYPRINCIPALS@ESSOS.LOCAL","distinguishedname":"CN=FOREIGNSECURITYPRINCIPALS,DC=ESSOS,DC=LOCAL","domainsid":"S-1-5-21-3679284235-944100069-1290884414","highvalue":false},"ChildObjects":[],"Aces":[{"PrincipalSID":"S-1-5-21-3679284235-944100069-1290884414-512","PrincipalType":"Group","RightName":"Owns","IsInherited":false},{"PrincipalSID":"S-1-5-21-3679284235-944100069-1290884414-512","PrincipalType":"Group","RightName":"GenericAll","IsInherited":false},{"PrincipalSID":"S-1-5-21-3679284235-944100069-1290884414-519","PrincipalType":"Group","RightName":"GenericAll","IsInherited":true},{"PrincipalSID":"ESSOS.LOCAL-S-1-5-32-544","PrincipalType":"Group","RightName":"WriteDacl","IsInherited":true},{"PrincipalSID":"ESSOS.LOCAL-S-1-5-32-544","PrincipalType":"Group","RightName":"WriteOwner","IsInherited":true}],"ObjectIdentifier":"A25FD5E4-8E32-4E13-95D3-238EC1E64E38","IsDeleted":false,"IsACLProtected":false},{"Properties":{"domain":"ESSOS.LOCAL","name":"MICROSOFT@ESSOS.LOCAL","distinguishedname":"CN=MICROSOFT,CN=PROGRAM DATA,DC=ESSOS,DC=LOCAL","domainsid":"S-1-5-21-3679284235-944100069-1290884414","highvalue":false},"ChildObjects":[],"Aces":[{"PrincipalSID":"S-1-5-21-3679284235-944100069-1290884414-512","PrincipalType":"Group","RightName":"Owns","IsInherited":false},{"PrincipalSID":"S-1-5-21-3679284235-944100069-1290884414-512","PrincipalType":"Group","RightName":"GenericAll","IsInherited":false},{"PrincipalSID":"S-1-5-21-3679284235-944100069-1290884414-519","PrincipalType":"Group","RightName":"GenericAll","IsInherited":true},{"PrincipalSID":"ESSOS.LOCAL-S-1-5-32-544","PrincipalType":"Group","RightName":"WriteDacl","IsInherited":true},{"PrincipalSID":"ESSOS.LOCAL-S-1-5-32-544","PrincipalType":"Group","RightName":"WriteOwner","IsInherited":true}],"ObjectIdentifier":"D2088D61-7776-4EFA-843D-A0FEAD3D436C","IsDeleted":false,"IsACLProtected":false},{"Properties":{"domain":"ESSOS.LOCAL","name":"RAS AND IAS SERVERS ACCESS CHECK@ESSOS.LOCAL","distinguishedname":"CN=RAS AND IAS SERVERS ACCESS CHECK,CN=SYSTEM,DC=ESSOS,DC=LOCAL","domainsid":"S-1-5-21-3679284235-944100069-1290884414","highvalue":false},"ChildObjects":[],"Aces":[{"PrincipalSID":"S-1-5-21-3679284235-944100069-1290884414-512","PrincipalType":"Group","RightName":"Owns","IsInherited":false},{"PrincipalSID":"S-1-5-21-3679284235-944100069-1290884414-553","PrincipalType":"Group","RightName":"WriteDacl","IsInherited":false},{"PrincipalSID":"S-1-5-21-3679284235-944100069-1290884414-553","PrincipalType":"Group","RightName":"WriteOwner","IsInherited":false},{"PrincipalSID":"S-1-5-21-3679284235-944100069-1290884414-519","PrincipalType":"Group","RightName":"GenericAll","IsInherited":true},{"PrincipalSID":"ESSOS.LOCAL-S-1-5-32-544","PrincipalType":"Group","RightName":"WriteDacl","IsInherited":true},{"PrincipalSID":"ESSOS.LOCAL-S-1-5-32-544","PrincipalType":"Group","RightName":"WriteOwner","IsInherited":true}],"ObjectIdentifier":"0984DFC1-7155-47E9-BCAB-972828D1FFE0","IsDeleted":false,"IsACLProtected":false},{"Properties":{"domain":"ESSOS.LOCAL","name":"COMPARTITIONS@ESSOS.LOCAL","distinguishedname":"CN=COMPARTITIONS,CN=SYSTEM,DC=ESSOS,DC=LOCAL","domainsid":"S-1-5-21-3679284235-944100069-1290884414","highvalue":false},"ChildObjects":[],"Aces":[{"PrincipalSID":"S-1-5-21-3679284235-944100069-1290884414-512","PrincipalType":"Group","RightName":"Owns","IsInherited":false},{"PrincipalSID":"S-1-5-21-3679284235-944100069-1290884414-512","PrincipalType":"Group","RightName":"WriteDacl","IsInherited":false},{"PrincipalSID":"S-1-5-21-3679284235-944100069-1290884414-512","PrincipalType":"Group","RightName":"WriteOwner","IsInherited":false},{"PrincipalSID":"S-1-5-21-3679284235-944100069-1290884414-519","PrincipalType":"Group","RightName":"GenericAll","IsInherited":true},{"PrincipalSID":"ESSOS.LOCAL-S-1-5-32-544","PrincipalType":"Group","RightName":"WriteDacl","IsInherited":true},{"PrincipalSID":"ESSOS.LOCAL-S-1-5-32-544","PrincipalType":"Group","RightName":"WriteOwner","IsInherited":true}],"ObjectIdentifier":"CE6B5EB7-7690-4881-B35D-093216F61C7D","IsDeleted":false,"IsACLProtected":false}],"meta":{"methods":29695,"type":"containers","count":21,"version":5}}