﻿{"data":[{"Properties":{"domain":"SEVENKINGDOMS.LOCAL","name":"USERS@SEVENKINGDOMS.LOCAL","distinguishedname":"CN=USERS,DC=SEVENKINGDOMS,DC=LOCAL","domainsid":"S-1-5-21-1631887839-1138881212-915906823","highvalue":false},"ChildObjects":[{"ObjectIdentifier":"S-1-5-21-1631887839-1138881212-915906823-1112","ObjectType":"Group"},{"ObjectIdentifier":"S-1-5-21-1631887839-1138881212-915906823-500","ObjectType":"User"},{"ObjectIdentifier":"S-1-5-21-1631887839-1138881212-915906823-571","ObjectType":"Group"},{"ObjectIdentifier":"S-1-5-21-1631887839-1138881212-915906823-517","ObjectType":"Group"},{"ObjectIdentifier":"S-1-5-21-1631887839-1138881212-915906823-522","ObjectType":"Group"},{"ObjectIdentifier":"S-1-5-21-1631887839-1138881212-915906823-572","ObjectType":"Group"},{"ObjectIdentifier":"S-1-5-21-1631887839-1138881212-915906823-1102","ObjectType":"Group"},{"ObjectIdentifier":"S-1-5-21-1631887839-1138881212-915906823-1103","ObjectType":"Group"},{"ObjectIdentifier":"S-1-5-21-1631887839-1138881212-915906823-512","ObjectType":"Group"},{"ObjectIdentifier":"S-1-5-21-1631887839-1138881212-915906823-515","ObjectType":"Group"},{"ObjectIdentifier":"S-1-5-21-1631887839-1138881212-915906823-516","ObjectType":"Group"},{"ObjectIdentifier":"S-1-5-21-1631887839-1138881212-915906823-514","ObjectType":"Group"},{"ObjectIdentifier":"S-1-5-21-1631887839-1138881212-915906823-513","ObjectType":"Group"},{"ObjectIdentifier":"S-1-5-21-1631887839-1138881212-915906823-519","ObjectType":"Group"},{"ObjectIdentifier":"S-1-5-21-1631887839-1138881212-915906823-527","ObjectType":"Group"},{"ObjectIdentifier":"S-1-5-21-1631887839-1138881212-915906823-498","ObjectType":"Group"},{"ObjectIdentifier":"S-1-5-21-1631887839-1138881212-915906823-520","ObjectType":"Group"},{"ObjectIdentifier":"S-1-5-21-1631887839-1138881212-915906823-501","ObjectType":"User"},{"ObjectIdentifier":"S-1-5-21-1631887839-1138881212-915906823-526","ObjectType":"Group"},{"ObjectIdentifier":"S-1-5-21-1631887839-1138881212-915906823-502","ObjectType":"User"},{"ObjectIdentifier":"S-1-5-21-1631887839-1138881212-915906823-525","ObjectType":"Group"},{"ObjectIdentifier":"S-1-5-21-1631887839-1138881212-915906823-553","ObjectType":"Group"},{"ObjectIdentifier":"S-1-5-21-1631887839-1138881212-915906823-521","ObjectType":"Group"},{"ObjectIdentifier":"S-1-5-21-1631887839-1138881212-915906823-518","ObjectType":"Group"},{"ObjectIdentifier":"S-1-5-21-1631887839-1138881212-915906823-1000","ObjectType":"User"}],"Aces":[{"PrincipalSID":"S-1-5-21-1631887839-1138881212-915906823-512","PrincipalType":"Group","RightName":"Owns","IsInherited":false},{"PrincipalSID":"S-1-5-21-1631887839-1138881212-915906823-512","PrincipalType":"Group","RightName":"WriteDacl","IsInherited":false},{"PrincipalSID":"S-1-5-21-1631887839-1138881212-915906823-512","PrincipalType":"Group","RightName":"WriteOwner","IsInherited":false},{"PrincipalSID":"S-1-5-21-1631887839-1138881212-915906823-519","PrincipalType":"Group","RightName":"GenericAll","IsInherited":true},{"PrincipalSID":"SEVENKINGDOMS.LOCAL-S-1-5-32-544","PrincipalType":"Group","RightName":"WriteDacl","IsInherited":true},{"PrincipalSID":"SEVENKINGDOMS.LOCAL-S-1-5-32-544","PrincipalType":"Group","RightName":"WriteOwner","IsInherited":true}],"ObjectIdentifier":"8C7DF64A-AB03-436C-BD5C-62FBCE9726DC","IsDeleted":false,"IsACLProtected":false},{"Properties":{"domain":"SEVENKINGDOMS.LOCAL","name":"POLICYTEMPLATE@SEVENKINGDOMS.LOCAL","distinguishedname":"CN=POLICYTEMPLATE,CN=WMIPOLICY,CN=SYSTEM,DC=SEVENKINGDOMS,DC=LOCAL","domainsid":"S-1-5-21-1631887839-1138881212-915906823","highvalue":false},"ChildObjects":[],"Aces":[{"PrincipalSID":"S-1-5-21-1631887839-1138881212-915906823-512","PrincipalType":"Group","RightName":"Owns","IsInherited":false},{"PrincipalSID":"S-1-5-21-1631887839-1138881212-915906823-512","PrincipalType":"Group","RightName":"WriteDacl","IsInherited":false},{"PrincipalSID":"S-1-5-21-1631887839-1138881212-915906823-512","PrincipalType":"Group","RightName":"WriteOwner","IsInherited":false},{"PrincipalSID":"S-1-5-21-1631887839-1138881212-915906823-519","PrincipalType":"Group","RightName":"GenericAll","IsInherited":true},{"PrincipalSID":"S-1-5-21-1631887839-1138881212-915906823-512","PrincipalType":"Group","RightName":"GenericAll","IsInherited":true}],"ObjectIdentifier":"51309668-DD5A-4BAF-A7FB-DB3C251FC11C","IsDeleted":false,"IsACLProtected":false},{"Properties":{"domain":"SEVENKINGDOMS.LOCAL","name":"COMPUTERS@SEVENKINGDOMS.LOCAL","distinguishedname":"CN=COMPUTERS,DC=SEVENKINGDOMS,DC=LOCAL","domainsid":"S-1-5-21-1631887839-1138881212-915906823","highvalue":false},"ChildObjects":[],"Aces":[{"PrincipalSID":"S-1-5-21-1631887839-1138881212-915906823-512","PrincipalType":"Group","RightName":"Owns","IsInherited":false},{"PrincipalSID":"S-1-5-21-1631887839-1138881212-915906823-512","PrincipalType":"Group","RightName":"WriteDacl","IsInherited":false},{"PrincipalSID":"S-1-5-21-1631887839-1138881212-915906823-512","PrincipalType":"Group","RightName":"WriteOwner","IsInherited":false},{"PrincipalSID":"S-1-5-21-1631887839-1138881212-915906823-519","PrincipalType":"Group","RightName":"GenericAll","IsInherited":true},{"PrincipalSID":"SEVENKINGDOMS.LOCAL-S-1-5-32-544","PrincipalType":"Group","RightName":"WriteDacl","IsInherited":true},{"PrincipalSID":"SEVENKINGDOMS.LOCAL-S-1-5-32-544","PrincipalType":"Group","RightName":"WriteOwner","IsInherited":true}],"ObjectIdentifier":"96C8F40A-0833-4A89-A72A-8FA83385CD84","IsDeleted":false,"IsACLProtected":false},{"Properties":{"domain":"SEVENKINGDOMS.LOCAL","name":"SYSTEM@SEVENKINGDOMS.LOCAL","distinguishedname":"CN=SYSTEM,DC=SEVENKINGDOMS,DC=LOCAL","domainsid":"S-1-5-21-1631887839-1138881212-915906823","highvalue":false},"ChildObjects":[],"Aces":[{"PrincipalSID":"S-1-5-21-1631887839-1138881212-915906823-512","PrincipalType":"Group","RightName":"Owns","IsInherited":false},{"PrincipalSID":"S-1-5-21-1631887839-1138881212-915906823-512","PrincipalType":"Group","RightName":"WriteDacl","IsInherited":false},{"PrincipalSID":"S-1-5-21-1631887839-1138881212-915906823-512","PrincipalType":"Group","RightName":"WriteOwner","IsInherited":false},{"PrincipalSID":"S-1-5-21-1631887839-1138881212-915906823-519","PrincipalType":"Group","RightName":"GenericAll","IsInherited":true},{"PrincipalSID":"SEVENKINGDOMS.LOCAL-S-1-5-32-544","PrincipalType":"Group","RightName":"WriteDacl","IsInherited":true},{"PrincipalSID":"SEVENKINGDOMS.LOCAL-S-1-5-32-544","PrincipalType":"Group","RightName":"WriteOwner","IsInherited":true}],"ObjectIdentifier":"CB06FF39-35F3-4827-B2F5-2581ECCE92F9","IsDeleted":false,"IsACLProtected":false},{"Properties":{"domain":"SEVENKINGDOMS.LOCAL","name":"FOREIGNSECURITYPRINCIPALS@SEVENKINGDOMS.LOCAL","distinguishedname":"CN=FOREIGNSECURITYPRINCIPALS,DC=SEVENKINGDOMS,DC=LOCAL","domainsid":"S-1-5-21-1631887839-1138881212-915906823","highvalue":false},"ChildObjects":[],"Aces":[{"PrincipalSID":"S-1-5-21-1631887839-1138881212-915906823-512","PrincipalType":"Group","RightName":"Owns","IsInherited":false},{"PrincipalSID":"S-1-5-21-1631887839-1138881212-915906823-512","PrincipalType":"Group","RightName":"GenericAll","IsInherited":false},{"PrincipalSID":"S-1-5-21-1631887839-1138881212-915906823-519","PrincipalType":"Group","RightName":"GenericAll","IsInherited":true},{"PrincipalSID":"SEVENKINGDOMS.LOCAL-S-1-5-32-544","PrincipalType":"Group","RightName":"WriteDacl","IsInherited":true},{"PrincipalSID":"SEVENKINGDOMS.LOCAL-S-1-5-32-544","PrincipalType":"Group","RightName":"WriteOwner","IsInherited":true}],"ObjectIdentifier":"99807E45-EACC-420E-901A-71F885C8EAA8","IsDeleted":false,"IsACLProtected":false},{"Properties":{"domain":"SEVENKINGDOMS.LOCAL","name":"PROGRAM DATA@SEVENKINGDOMS.LOCAL","distinguishedname":"CN=PROGRAM DATA,DC=SEVENKINGDOMS,DC=LOCAL","domainsid":"S-1-5-21-1631887839-1138881212-915906823","highvalue":false},"ChildObjects":[],"Aces":[{"PrincipalSID":"S-1-5-21-1631887839-1138881212-915906823-512","PrincipalType":"Group","RightName":"Owns","IsInherited":false},{"PrincipalSID":"S-1-5-21-1631887839-1138881212-915906823-512","PrincipalType":"Group","RightName":"GenericAll","IsInherited":false},{"PrincipalSID":"S-1-5-21-1631887839-1138881212-915906823-519","PrincipalType":"Group","RightName":"GenericAll","IsInherited":true},{"PrincipalSID":"SEVENKINGDOMS.LOCAL-S-1-5-32-544","PrincipalType":"Group","RightName":"WriteDacl","IsInherited":true},{"PrincipalSID":"SEVENKINGDOMS.LOCAL-S-1-5-32-544","PrincipalType":"Group","RightName":"WriteOwner","IsInherited":true}],"ObjectIdentifier":"8254BEA2-2AFE-44D8-B87F-AC108314F589","IsDeleted":false,"IsACLProtected":false},{"Properties":{"domain":"SEVENKINGDOMS.LOCAL","name":"ADMINSDHOLDER@SEVENKINGDOMS.LOCAL","distinguishedname":"CN=ADMINSDHOLDER,CN=SYSTEM,DC=SEVENKINGDOMS,DC=LOCAL","domainsid":"S-1-5-21-1631887839-1138881212-915906823","highvalue":false},"ChildObjects":[],"Aces":[{"PrincipalSID":"S-1-5-21-1631887839-1138881212-915906823-512","PrincipalType":"Group","RightName":"Owns","IsInherited":false},{"PrincipalSID":"SEVENKINGDOMS.LOCAL-S-1-5-32-544","PrincipalType":"Group","RightName":"WriteDacl","IsInherited":false},{"PrincipalSID":"SEVENKINGDOMS.LOCAL-S-1-5-32-544","PrincipalType":"Group","RightName":"WriteOwner","IsInherited":false},{"PrincipalSID":"S-1-5-21-1631887839-1138881212-915906823-512","PrincipalType":"Group","RightName":"WriteDacl","IsInherited":false},{"PrincipalSID":"S-1-5-21-1631887839-1138881212-915906823-512","PrincipalType":"Group","RightName":"WriteOwner","IsInherited":false},{"PrincipalSID":"S-1-5-21-1631887839-1138881212-915906823-519","PrincipalType":"Group","RightName":"WriteDacl","IsInherited":false},{"PrincipalSID":"S-1-5-21-1631887839-1138881212-915906823-519","PrincipalType":"Group","RightName":"WriteOwner","IsInherited":false},{"PrincipalSID":"S-1-5-21-1631887839-1138881212-915906823-1122","PrincipalType":"User","RightName":"GenericAll","IsInherited":false}],"ObjectIdentifier":"00D04BC2-E289-45AE-9247-1865FE3240C3","IsDeleted":false,"IsACLProtected":true},{"Properties":{"domain":"SEVENKINGDOMS.LOCAL","name":"RPCSERVICES@SEVENKINGDOMS.LOCAL","distinguishedname":"CN=RPCSERVICES,CN=SYSTEM,DC=SEVENKINGDOMS,DC=LOCAL","domainsid":"S-1-5-21-1631887839-1138881212-915906823","highvalue":false},"ChildObjects":[],"Aces":[{"PrincipalSID":"S-1-5-21-1631887839-1138881212-915906823-512","PrincipalType":"Group","RightName":"Owns","IsInherited":false},{"PrincipalSID":"S-1-5-21-1631887839-1138881212-915906823-512","PrincipalType":"Group","RightName":"WriteDacl","IsInherited":false},{"PrincipalSID":"S-1-5-21-1631887839-1138881212-915906823-512","PrincipalType":"Group","RightName":"WriteOwner","IsInherited":false},{"PrincipalSID":"S-1-5-21-1631887839-1138881212-915906823-519","PrincipalType":"Group","RightName":"GenericAll","IsInherited":true},{"PrincipalSID":"SEVENKINGDOMS.LOCAL-S-1-5-32-544","PrincipalType":"Group","RightName":"WriteDacl","IsInherited":true},{"PrincipalSID":"SEVENKINGDOMS.LOCAL-S-1-5-32-544","PrincipalType":"Group","RightName":"WriteOwner","IsInherited":true}],"ObjectIdentifier":"785377C0-16F5-438F-AFDB-1EFE7AA6DAF5","IsDeleted":false,"IsACLProtected":false},{"Properties":{"domain":"SEVENKINGDOMS.LOCAL","name":"COMPARTITIONS@SEVENKINGDOMS.LOCAL","distinguishedname":"CN=COMPARTITIONS,CN=SYSTEM,DC=SEVENKINGDOMS,DC=LOCAL","domainsid":"S-1-5-21-1631887839-1138881212-915906823","highvalue":false},"ChildObjects":[],"Aces":[{"PrincipalSID":"S-1-5-21-1631887839-1138881212-915906823-512","PrincipalType":"Group","RightName":"Owns","IsInherited":false},{"PrincipalSID":"S-1-5-21-1631887839-1138881212-915906823-512","PrincipalType":"Group","RightName":"WriteDacl","IsInherited":false},{"PrincipalSID":"S-1-5-21-1631887839-1138881212-915906823-512","PrincipalType":"Group","RightName":"WriteOwner","IsInherited":false},{"PrincipalSID":"S-1-5-21-1631887839-1138881212-915906823-519","PrincipalType":"Group","RightName":"GenericAll","IsInherited":true},{"PrincipalSID":"SEVENKINGDOMS.LOCAL-S-1-5-32-544","PrincipalType":"Group","RightName":"WriteDacl","IsInherited":true},{"PrincipalSID":"SEVENKINGDOMS.LOCAL-S-1-5-32-544","PrincipalType":"Group","RightName":"WriteOwner","IsInherited":true}],"ObjectIdentifier":"A612E117-F1DA-402E-BC27-D45100316E86","IsDeleted":false,"IsACLProtected":false},{"Properties":{"domain":"SEVENKINGDOMS.LOCAL","name":"MICROSOFT@SEVENKINGDOMS.LOCAL","distinguishedname":"CN=MICROSOFT,CN=PROGRAM DATA,DC=SEVENKINGDOMS,DC=LOCAL","domainsid":"S-1-5-21-1631887839-1138881212-915906823","highvalue":false},"ChildObjects":[],"Aces":[{"PrincipalSID":"S-1-5-21-1631887839-1138881212-915906823-512","PrincipalType":"Group","RightName":"Owns","IsInherited":false},{"PrincipalSID":"S-1-5-21-1631887839-1138881212-915906823-512","PrincipalType":"Group","RightName":"GenericAll","IsInherited":false},{"PrincipalSID":"S-1-5-21-1631887839-1138881212-915906823-519","PrincipalType":"Group","RightName":"GenericAll","IsInherited":true},{"PrincipalSID":"SEVENKINGDOMS.LOCAL-S-1-5-32-544","PrincipalType":"Group","RightName":"WriteDacl","IsInherited":true},{"PrincipalSID":"SEVENKINGDOMS.LOCAL-S-1-5-32-544","PrincipalType":"Group","RightName":"WriteOwner","IsInherited":true}],"ObjectIdentifier":"7635F7CA-9956-469B-93B2-E5C7C2259CC0","IsDeleted":false,"IsACLProtected":false},{"Properties":{"domain":"SEVENKINGDOMS.LOCAL","name":"COMPARTITIONSETS@SEVENKINGDOMS.LOCAL","distinguishedname":"CN=COMPARTITIONSETS,CN=SYSTEM,DC=SEVENKINGDOMS,DC=LOCAL","domainsid":"S-1-5-21-1631887839-1138881212-915906823","highvalue":false},"ChildObjects":[],"Aces":[{"PrincipalSID":"S-1-5-21-1631887839-1138881212-915906823-512","PrincipalType":"Group","RightName":"Owns","IsInherited":false},{"PrincipalSID":"S-1-5-21-1631887839-1138881212-915906823-512","PrincipalType":"Group","RightName":"WriteDacl","IsInherited":false},{"PrincipalSID":"S-1-5-21-1631887839-1138881212-915906823-512","PrincipalType":"Group","RightName":"WriteOwner","IsInherited":false},{"PrincipalSID":"S-1-5-21-1631887839-1138881212-915906823-519","PrincipalType":"Group","RightName":"GenericAll","IsInherited":true},{"PrincipalSID":"SEVENKINGDOMS.LOCAL-S-1-5-32-544","PrincipalType":"Group","RightName":"WriteDacl","IsInherited":true},{"PrincipalSID":"SEVENKINGDOMS.LOCAL-S-1-5-32-544","PrincipalType":"Group","RightName":"WriteOwner","IsInherited":true}],"ObjectIdentifier":"DE306F87-5520-412E-8D77-06901A652C6F","IsDeleted":false,"IsACLProtected":false},{"Properties":{"domain":"SEVENKINGDOMS.LOCAL","name":"MANAGED SERVICE ACCOUNTS@SEVENKINGDOMS.LOCAL","distinguishedname":"CN=MANAGED SERVICE ACCOUNTS,DC=SEVENKINGDOMS,DC=LOCAL","domainsid":"S-1-5-21-1631887839-1138881212-915906823","highvalue":false},"ChildObjects":[],"Aces":[{"PrincipalSID":"S-1-5-21-1631887839-1138881212-915906823-512","PrincipalType":"Group","RightName":"Owns","IsInherited":false},{"PrincipalSID":"S-1-5-21-1631887839-1138881212-915906823-512","PrincipalType":"Group","RightName":"WriteDacl","IsInherited":false},{"PrincipalSID":"S-1-5-21-1631887839-1138881212-915906823-512","PrincipalType":"Group","RightName":"WriteOwner","IsInherited":false},{"PrincipalSID":"S-1-5-21-1631887839-1138881212-915906823-519","PrincipalType":"Group","RightName":"GenericAll","IsInherited":true},{"PrincipalSID":"SEVENKINGDOMS.LOCAL-S-1-5-32-544","PrincipalType":"Group","RightName":"WriteDacl","IsInherited":true},{"PrincipalSID":"SEVENKINGDOMS.LOCAL-S-1-5-32-544","PrincipalType":"Group","RightName":"WriteOwner","IsInherited":true}],"ObjectIdentifier":"8922D842-A4B2-4EDA-9F2D-C46AE55176F5","IsDeleted":false,"IsACLProtected":false},{"Properties":{"domain":"SEVENKINGDOMS.LOCAL","name":"SOM@SEVENKINGDOMS.LOCAL","distinguishedname":"CN=SOM,CN=WMIPOLICY,CN=SYSTEM,DC=SEVENKINGDOMS,DC=LOCAL","domainsid":"S-1-5-21-1631887839-1138881212-915906823","highvalue":false},"ChildObjects":[],"Aces":[{"PrincipalSID":"S-1-5-21-1631887839-1138881212-915906823-512","PrincipalType":"Group","RightName":"Owns","IsInherited":false},{"PrincipalSID":"S-1-5-21-1631887839-1138881212-915906823-512","PrincipalType":"Group","RightName":"GenericAll","IsInherited":false},{"PrincipalSID":"S-1-5-21-1631887839-1138881212-915906823-519","PrincipalType":"Group","RightName":"GenericAll","IsInherited":false}],"ObjectIdentifier":"A9810D89-7DD5-4A95-98DB-5B195815DFA3","IsDeleted":false,"IsACLProtected":true},{"Properties":{"domain":"SEVENKINGDOMS.LOCAL","name":"WMIPOLICY@SEVENKINGDOMS.LOCAL","distinguishedname":"CN=WMIPOLICY,CN=SYSTEM,DC=SEVENKINGDOMS,DC=LOCAL","domainsid":"S-1-5-21-1631887839-1138881212-915906823","highvalue":false},"ChildObjects":[],"Aces":[{"PrincipalSID":"S-1-5-21-1631887839-1138881212-915906823-512","PrincipalType":"Group","RightName":"Owns","IsInherited":false},{"PrincipalSID":"S-1-5-21-1631887839-1138881212-915906823-512","PrincipalType":"Group","RightName":"GenericAll","IsInherited":false},{"PrincipalSID":"S-1-5-21-1631887839-1138881212-915906823-519","PrincipalType":"Group","RightName":"GenericAll","IsInherited":false}],"ObjectIdentifier":"1387EFD5-32F9-49EF-83CB-049CD2D43E53","IsDeleted":false,"IsACLProtected":true},{"Properties":{"domain":"SEVENKINGDOMS.LOCAL","name":"WINSOCKSERVICES@SEVENKINGDOMS.LOCAL","distinguishedname":"CN=WINSOCKSERVICES,CN=SYSTEM,DC=SEVENKINGDOMS,DC=LOCAL","domainsid":"S-1-5-21-1631887839-1138881212-915906823","highvalue":false},"ChildObjects":[],"Aces":[{"PrincipalSID":"S-1-5-21-1631887839-1138881212-915906823-512","PrincipalType":"Group","RightName":"Owns","IsInherited":false},{"PrincipalSID":"S-1-5-21-1631887839-1138881212-915906823-512","PrincipalType":"Group","RightName":"WriteDacl","IsInherited":false},{"PrincipalSID":"S-1-5-21-1631887839-1138881212-915906823-512","PrincipalType":"Group","RightName":"WriteOwner","IsInherited":false},{"PrincipalSID":"S-1-5-21-1631887839-1138881212-915906823-519","PrincipalType":"Group","RightName":"GenericAll","IsInherited":true},{"PrincipalSID":"SEVENKINGDOMS.LOCAL-S-1-5-32-544","PrincipalType":"Group","RightName":"WriteDacl","IsInherited":true},{"PrincipalSID":"SEVENKINGDOMS.LOCAL-S-1-5-32-544","PrincipalType":"Group","RightName":"WriteOwner","IsInherited":true}],"ObjectIdentifier":"2816FBFD-8FDB-44B9-BE0A-DCEDE5EEF975","IsDeleted":false,"IsACLProtected":false},{"Properties":{"domain":"SEVENKINGDOMS.LOCAL","name":"MEETINGS@SEVENKINGDOMS.LOCAL","distinguishedname":"CN=MEETINGS,CN=SYSTEM,DC=SEVENKINGDOMS,DC=LOCAL","domainsid":"S-1-5-21-1631887839-1138881212-915906823","highvalue":false},"ChildObjects":[],"Aces":[{"PrincipalSID":"S-1-5-21-1631887839-1138881212-915906823-512","PrincipalType":"Group","RightName":"Owns","IsInherited":false},{"PrincipalSID":"S-1-5-21-1631887839-1138881212-915906823-512","PrincipalType":"Group","RightName":"WriteDacl","IsInherited":false},{"PrincipalSID":"S-1-5-21-1631887839-1138881212-915906823-512","PrincipalType":"Group","RightName":"WriteOwner","IsInherited":false},{"PrincipalSID":"S-1-5-21-1631887839-1138881212-915906823-519","PrincipalType":"Group","RightName":"GenericAll","IsInherited":true},{"PrincipalSID":"SEVENKINGDOMS.LOCAL-S-1-5-32-544","PrincipalType":"Group","RightName":"WriteDacl","IsInherited":true},{"PrincipalSID":"SEVENKINGDOMS.LOCAL-S-1-5-32-544","PrincipalType":"Group","RightName":"WriteOwner","IsInherited":true}],"ObjectIdentifier":"26055C99-BF6F-4BA1-B27A-3AE501F32421","IsDeleted":false,"IsACLProtected":false},{"Properties":{"domain":"SEVENKINGDOMS.LOCAL","name":"POLICYTYPE@SEVENKINGDOMS.LOCAL","distinguishedname":"CN=POLICYTYPE,CN=WMIPOLICY,CN=SYSTEM,DC=SEVENKINGDOMS,DC=LOCAL","domainsid":"S-1-5-21-1631887839-1138881212-915906823","highvalue":false},"ChildObjects":[],"Aces":[{"PrincipalSID":"S-1-5-21-1631887839-1138881212-915906823-512","PrincipalType":"Group","RightName":"Owns","IsInherited":false},{"PrincipalSID":"S-1-5-21-1631887839-1138881212-915906823-512","PrincipalType":"Group","RightName":"WriteDacl","IsInherited":false},{"PrincipalSID":"S-1-5-21-1631887839-1138881212-915906823-512","PrincipalType":"Group","RightName":"WriteOwner","IsInherited":false},{"PrincipalSID":"S-1-5-21-1631887839-1138881212-915906823-519","PrincipalType":"Group","RightName":"GenericAll","IsInherited":true},{"PrincipalSID":"S-1-5-21-1631887839-1138881212-915906823-512","PrincipalType":"Group","RightName":"GenericAll","IsInherited":true}],"ObjectIdentifier":"92F3FD4D-7AC0-4783-B09B-060F3103126F","IsDeleted":false,"IsACLProtected":false},{"Properties":{"domain":"SEVENKINGDOMS.LOCAL","name":"POLICIES@SEVENKINGDOMS.LOCAL","distinguishedname":"CN=POLICIES,CN=SYSTEM,DC=SEVENKINGDOMS,DC=LOCAL","domainsid":"S-1-5-21-1631887839-1138881212-915906823","highvalue":false},"ChildObjects":[],"Aces":[{"PrincipalSID":"S-1-5-21-1631887839-1138881212-915906823-512","PrincipalType":"Group","RightName":"Owns","IsInherited":false},{"PrincipalSID":"S-1-5-21-1631887839-1138881212-915906823-512","PrincipalType":"Group","RightName":"WriteDacl","IsInherited":false},{"PrincipalSID":"S-1-5-21-1631887839-1138881212-915906823-512","PrincipalType":"Group","RightName":"WriteOwner","IsInherited":false},{"PrincipalSID":"S-1-5-21-1631887839-1138881212-915906823-519","PrincipalType":"Group","RightName":"GenericAll","IsInherited":true},{"PrincipalSID":"SEVENKINGDOMS.LOCAL-S-1-5-32-544","PrincipalType":"Group","RightName":"WriteDacl","IsInherited":true},{"PrincipalSID":"SEVENKINGDOMS.LOCAL-S-1-5-32-544","PrincipalType":"Group","RightName":"WriteOwner","IsInherited":true}],"ObjectIdentifier":"8E7CBDB5-EA4E-4FE9-8B2A-9869E924CD9B","IsDeleted":false,"IsACLProtected":false},{"Properties":{"domain":"SEVENKINGDOMS.LOCAL","name":"WMIGPO@SEVENKINGDOMS.LOCAL","distinguishedname":"CN=WMIGPO,CN=WMIPOLICY,CN=SYSTEM,DC=SEVENKINGDOMS,DC=LOCAL","domainsid":"S-1-5-21-1631887839-1138881212-915906823","highvalue":false},"ChildObjects":[],"Aces":[{"PrincipalSID":"S-1-5-21-1631887839-1138881212-915906823-512","PrincipalType":"Group","RightName":"Owns","IsInherited":false},{"PrincipalSID":"S-1-5-21-1631887839-1138881212-915906823-512","PrincipalType":"Group","RightName":"WriteDacl","IsInherited":false},{"PrincipalSID":"S-1-5-21-1631887839-1138881212-915906823-512","PrincipalType":"Group","RightName":"WriteOwner","IsInherited":false},{"PrincipalSID":"S-1-5-21-1631887839-1138881212-915906823-519","PrincipalType":"Group","RightName":"GenericAll","IsInherited":true},{"PrincipalSID":"S-1-5-21-1631887839-1138881212-915906823-512","PrincipalType":"Group","RightName":"GenericAll","IsInherited":true}],"ObjectIdentifier":"E149F494-F529-4BBB-91B6-171A4BA6007C","IsDeleted":false,"IsACLProtected":false},{"Properties":{"domain":"SEVENKINGDOMS.LOCAL","name":"PSPS@SEVENKINGDOMS.LOCAL","distinguishedname":"CN=PSPS,CN=SYSTEM,DC=SEVENKINGDOMS,DC=LOCAL","domainsid":"S-1-5-21-1631887839-1138881212-915906823","highvalue":false},"ChildObjects":[],"Aces":[{"PrincipalSID":"S-1-5-21-1631887839-1138881212-915906823-512","PrincipalType":"Group","RightName":"Owns","IsInherited":false},{"PrincipalSID":"S-1-5-21-1631887839-1138881212-915906823-512","PrincipalType":"Group","RightName":"GenericAll","IsInherited":false},{"PrincipalSID":"S-1-5-21-1631887839-1138881212-915906823-519","PrincipalType":"Group","RightName":"GenericAll","IsInherited":true},{"PrincipalSID":"SEVENKINGDOMS.LOCAL-S-1-5-32-544","PrincipalType":"Group","RightName":"WriteDacl","IsInherited":true},{"PrincipalSID":"SEVENKINGDOMS.LOCAL-S-1-5-32-544","PrincipalType":"Group","RightName":"WriteOwner","IsInherited":true}],"ObjectIdentifier":"58F03032-6256-479C-A224-CDBFD669643E","IsDeleted":false,"IsACLProtected":false}],"meta":{"methods":29695,"type":"containers","count":20,"version":5}}