﻿{"data":[{"Properties":{"domain":"SEVENKINGDOMS.LOCAL","name":"DEFAULT DOMAIN POLICY@SEVENKINGDOMS.LOCAL","distinguishedname":"CN={31B2F340-016D-11D2-945F-00C04FB984F9},CN=POLICIES,CN=SYSTEM,DC=SEVENKINGDOMS,DC=LOCAL","domainsid":"S-1-5-21-1631887839-1138881212-915906823","highvalue":false,"description":null,"whencreated":1711355297,"gpcpath":"\\\\SEVENKINGDOMS.LOCAL\\SYSVOL\\SEVENKINGDOMS.LOCAL\\POLICIES\\{31B2F340-016D-11D2-945F-00C04FB984F9}"},"Aces":[{"PrincipalSID":"S-1-5-21-1631887839-1138881212-915906823-512","PrincipalType":"Group","RightName":"Owns","IsInherited":false},{"PrincipalSID":"S-1-5-21-1631887839-1138881212-915906823-512","PrincipalType":"Group","RightName":"WriteDacl","IsInherited":false},{"PrincipalSID":"S-1-5-21-1631887839-1138881212-915906823-512","PrincipalType":"Group","RightName":"WriteOwner","IsInherited":false},{"PrincipalSID":"S-1-5-21-1631887839-1138881212-915906823-512","PrincipalType":"Group","RightName":"GenericWrite","IsInherited":false},{"PrincipalSID":"S-1-5-21-1631887839-1138881212-915906823-512","PrincipalType":"Group","RightName":"WriteDacl","IsInherited":false},{"PrincipalSID":"S-1-5-21-1631887839-1138881212-915906823-512","PrincipalType":"Group","RightName":"WriteOwner","IsInherited":false},{"PrincipalSID":"S-1-5-21-1631887839-1138881212-915906823-512","PrincipalType":"Group","RightName":"GenericWrite","IsInherited":false},{"PrincipalSID":"S-1-5-21-1631887839-1138881212-915906823-519","PrincipalType":"Group","RightName":"WriteDacl","IsInherited":false},{"PrincipalSID":"S-1-5-21-1631887839-1138881212-915906823-519","PrincipalType":"Group","RightName":"WriteOwner","IsInherited":false},{"PrincipalSID":"S-1-5-21-1631887839-1138881212-915906823-519","PrincipalType":"Group","RightName":"GenericWrite","IsInherited":false}],"ObjectIdentifier":"33B678A3-463B-47F5-96E4-3B9B719365C6","IsDeleted":false,"IsACLProtected":true},{"Properties":{"domain":"SEVENKINGDOMS.LOCAL","name":"DEFAULT DOMAIN CONTROLLERS POLICY@SEVENKINGDOMS.LOCAL","distinguishedname":"CN={6AC1786C-016F-11D2-945F-00C04FB984F9},CN=POLICIES,CN=SYSTEM,DC=SEVENKINGDOMS,DC=LOCAL","domainsid":"S-1-5-21-1631887839-1138881212-915906823","highvalue":false,"description":null,"whencreated":1711355297,"gpcpath":"\\\\SEVENKINGDOMS.LOCAL\\SYSVOL\\SEVENKINGDOMS.LOCAL\\POLICIES\\{6AC1786C-016F-11D2-945F-00C04FB984F9}"},"Aces":[{"PrincipalSID":"S-1-5-21-1631887839-1138881212-915906823-512","PrincipalType":"Group","RightName":"Owns","IsInherited":false},{"PrincipalSID":"S-1-5-21-1631887839-1138881212-915906823-512","PrincipalType":"Group","RightName":"WriteDacl","IsInherited":false},{"PrincipalSID":"S-1-5-21-1631887839-1138881212-915906823-512","PrincipalType":"Group","RightName":"WriteOwner","IsInherited":false},{"PrincipalSID":"S-1-5-21-1631887839-1138881212-915906823-512","PrincipalType":"Group","RightName":"GenericWrite","IsInherited":false},{"PrincipalSID":"S-1-5-21-1631887839-1138881212-915906823-512","PrincipalType":"Group","RightName":"WriteDacl","IsInherited":false},{"PrincipalSID":"S-1-5-21-1631887839-1138881212-915906823-512","PrincipalType":"Group","RightName":"WriteOwner","IsInherited":false},{"PrincipalSID":"S-1-5-21-1631887839-1138881212-915906823-512","PrincipalType":"Group","RightName":"GenericWrite","IsInherited":false},{"PrincipalSID":"S-1-5-21-1631887839-1138881212-915906823-519","PrincipalType":"Group","RightName":"WriteDacl","IsInherited":false},{"PrincipalSID":"S-1-5-21-1631887839-1138881212-915906823-519","PrincipalType":"Group","RightName":"WriteOwner","IsInherited":false},{"PrincipalSID":"S-1-5-21-1631887839-1138881212-915906823-519","PrincipalType":"Group","RightName":"GenericWrite","IsInherited":false}],"ObjectIdentifier":"0B8BFC82-C3B4-49F6-9E32-45423C36E3EE","IsDeleted":false,"IsACLProtected":true}],"meta":{"methods":29695,"type":"gpos","count":2,"version":5}}