﻿{"data":[{"GPOChanges":{"LocalAdmins":[],"RemoteDesktopUsers":[],"DcomUsers":[],"PSRemoteUsers":[],"AffectedComputers":[{"ObjectIdentifier":"S-1-5-21-1631887839-1138881212-915906823-1001","ObjectType":"Computer"}]},"Properties":{"domain":"SEVENKINGDOMS.LOCAL","name":"SEVENKINGDOMS.LOCAL","distinguishedname":"DC=SEVENKINGDOMS,DC=LOCAL","domainsid":"S-1-5-21-1631887839-1138881212-915906823","highvalue":true,"description":null,"whencreated":1711355293,"functionallevel":"2016"},"ChildObjects":[{"ObjectIdentifier":"96C8F40A-0833-4A89-A72A-8FA83385CD84","ObjectType":"Container"},{"ObjectIdentifier":"78A44DC1-A024-4ED0-886B-33813302BBA4","ObjectType":"OU"},{"ObjectIdentifier":"6E8E2239-8148-43B8-9AB4-059193D123AF","ObjectType":"OU"},{"ObjectIdentifier":"05EFEB45-095C-4E83-A814-0F443009052B","ObjectType":"OU"},{"ObjectIdentifier":"99807E45-EACC-420E-901A-71F885C8EAA8","ObjectType":"Container"},{"ObjectIdentifier":"0363AE21-0005-43B3-82B3-A6F1A40B1E77","ObjectType":"OU"},{"ObjectIdentifier":"8922D842-A4B2-4EDA-9F2D-C46AE55176F5","ObjectType":"Container"},{"ObjectIdentifier":"638694BB-9D5E-41DC-BA69-B02235BD697A","ObjectType":"OU"},{"ObjectIdentifier":"22FD8D35-DB33-4717-A346-2792B5CF5277","ObjectType":"OU"},{"ObjectIdentifier":"693C8EC3-7212-430E-8945-76E34065AF28","ObjectType":"OU"},{"ObjectIdentifier":"8C7DF64A-AB03-436C-BD5C-62FBCE9726DC","ObjectType":"Container"},{"ObjectIdentifier":"45673A57-14E1-4341-A06B-5156EFF44008","ObjectType":"OU"},{"ObjectIdentifier":"D87AF8C3-AAE7-44C7-804B-E346CB0AE3F1","ObjectType":"OU"}],"Trusts":[{"TargetDomainSid":"S-1-5-21-1575675055-931709254-785709573","TargetDomainName":"NORTH.SEVENKINGDOMS.LOCAL","IsTransitive":true,"SidFilteringEnabled":false,"TrustDirection":3,"TrustType":0},{"TargetDomainSid":"S-1-5-21-3679284235-944100069-1290884414","TargetDomainName":"ESSOS.LOCAL","IsTransitive":true,"SidFilteringEnabled":false,"TrustDirection":3,"TrustType":2}],"Links":[{"IsEnforced":false,"GUID":"33B678A3-463B-47F5-96E4-3B9B719365C6"}],"Aces":[{"PrincipalSID":"SEVENKINGDOMS.LOCAL-S-1-5-32-544","PrincipalType":"Group","RightName":"Owns","IsInherited":false},{"PrincipalSID":"SEVENKINGDOMS.LOCAL-S-1-5-32-544","PrincipalType":"Group","RightName":"WriteDacl","IsInherited":false},{"PrincipalSID":"SEVENKINGDOMS.LOCAL-S-1-5-32-544","PrincipalType":"Group","RightName":"WriteOwner","IsInherited":false},{"PrincipalSID":"SEVENKINGDOMS.LOCAL-S-1-5-32-544","PrincipalType":"Group","RightName":"AllExtendedRights","IsInherited":false},{"PrincipalSID":"S-1-5-21-1631887839-1138881212-915906823-512","PrincipalType":"Group","RightName":"WriteDacl","IsInherited":false},{"PrincipalSID":"S-1-5-21-1631887839-1138881212-915906823-512","PrincipalType":"Group","RightName":"WriteOwner","IsInherited":false},{"PrincipalSID":"S-1-5-21-1631887839-1138881212-915906823-512","PrincipalType":"Group","RightName":"AllExtendedRights","IsInherited":false},{"PrincipalSID":"S-1-5-21-1631887839-1138881212-915906823-519","PrincipalType":"Group","RightName":"GenericAll","IsInherited":false},{"PrincipalSID":"SEVENKINGDOMS.LOCAL-S-1-5-9","PrincipalType":"Group","RightName":"GetChanges","IsInherited":false},{"PrincipalSID":"SEVENKINGDOMS.LOCAL-S-1-5-9","PrincipalType":"Group","RightName":"GetChangesInFilteredSet","IsInherited":false},{"PrincipalSID":"SEVENKINGDOMS.LOCAL-S-1-5-32-544","PrincipalType":"Group","RightName":"GetChangesAll","IsInherited":false},{"PrincipalSID":"SEVENKINGDOMS.LOCAL-S-1-5-32-544","PrincipalType":"Group","RightName":"GetChanges","IsInherited":false},{"PrincipalSID":"SEVENKINGDOMS.LOCAL-S-1-5-32-544","PrincipalType":"Group","RightName":"GetChangesInFilteredSet","IsInherited":false},{"PrincipalSID":"S-1-5-21-1631887839-1138881212-915906823-498","PrincipalType":"Group","RightName":"GetChanges","IsInherited":false},{"PrincipalSID":"S-1-5-21-1631887839-1138881212-915906823-516","PrincipalType":"Group","RightName":"GetChangesAll","IsInherited":false}],"ObjectIdentifier":"S-1-5-21-1631887839-1138881212-915906823","IsDeleted":false,"IsACLProtected":false}],"meta":{"methods":29695,"type":"domains","count":1,"version":5}}