﻿{"data":[{"Properties":{"domain":"SEVENKINGDOMS.LOCAL","name":"KINGSLANDING.SEVENKINGDOMS.LOCAL","distinguishedname":"CN=KINGSLANDING,OU=DOMAIN CONTROLLERS,DC=SEVENKINGDOMS,DC=LOCAL","domainsid":"S-1-5-21-1631887839-1138881212-915906823","highvalue":false,"samaccountname":"KINGSLANDING$","haslaps":false,"description":null,"whencreated":1711355612,"enabled":true,"unconstraineddelegation":true,"trustedtoauth":false,"lastlogon":1713275280,"lastlogontimestamp":1713275271,"pwdlastset":1711380829,"serviceprincipalnames":["Dfsr-12F9A27C-BF97-4787-9364-D31B6C55EB04/kingslanding.sevenkingdoms.local","ldap/kingslanding.sevenkingdoms.local/ForestDnsZones.sevenkingdoms.local","ldap/kingslanding.sevenkingdoms.local/DomainDnsZones.sevenkingdoms.local","TERMSRV/KINGSLANDING","TERMSRV/kingslanding.sevenkingdoms.local","DNS/kingslanding.sevenkingdoms.local","GC/kingslanding.sevenkingdoms.local/sevenkingdoms.local","RestrictedKrbHost/kingslanding.sevenkingdoms.local","RestrictedKrbHost/KINGSLANDING","RPC/bdba7a1b-a19a-4695-a70d-23d7bb71443d._msdcs.sevenkingdoms.local","HOST/KINGSLANDING/SEVENKINGDOMS","HOST/kingslanding.sevenkingdoms.local/SEVENKINGDOMS","HOST/KINGSLANDING","HOST/kingslanding.sevenkingdoms.local","HOST/kingslanding.sevenkingdoms.local/sevenkingdoms.local","E3514235-4B06-11D1-AB04-00C04FC2DCD2/bdba7a1b-a19a-4695-a70d-23d7bb71443d/sevenkingdoms.local","ldap/KINGSLANDING/SEVENKINGDOMS","ldap/bdba7a1b-a19a-4695-a70d-23d7bb71443d._msdcs.sevenkingdoms.local","ldap/kingslanding.sevenkingdoms.local/SEVENKINGDOMS","ldap/KINGSLANDING","ldap/kingslanding.sevenkingdoms.local","ldap/kingslanding.sevenkingdoms.local/sevenkingdoms.local"],"operatingsystem":"Windows Server 2019 Datacenter Evaluation","sidhistory":[]},"PrimaryGroupSID":"S-1-5-21-1631887839-1138881212-915906823-516","AllowedToDelegate":[],"AllowedToAct":[],"HasSIDHistory":[],"DumpSMSAPassword":[],"Sessions":{"Results":[],"Collected":false,"FailureReason":null},"PrivilegedSessions":{"Results":[],"Collected":false,"FailureReason":null},"RegistrySessions":{"Results":[],"Collected":false,"FailureReason":null},"LocalAdmins":{"Results":[],"Collected":false,"FailureReason":null},"RemoteDesktopUsers":{"Results":[],"Collected":false,"FailureReason":null},"DcomUsers":{"Results":[],"Collected":false,"FailureReason":null},"PSRemoteUsers":{"Results":[],"Collected":false,"FailureReason":null},"Status":null,"Aces":[{"PrincipalSID":"S-1-5-21-1631887839-1138881212-915906823-512","PrincipalType":"Group","RightName":"Owns","IsInherited":false},{"PrincipalSID":"S-1-5-21-1631887839-1138881212-915906823-512","PrincipalType":"Group","RightName":"GenericAll","IsInherited":false},{"PrincipalSID":"S-1-5-21-1631887839-1138881212-915906823-1112","PrincipalType":"Group","RightName":"GenericAll","IsInherited":false},{"PrincipalSID":"S-1-5-21-1631887839-1138881212-915906823-1120","PrincipalType":"User","RightName":"GenericAll","IsInherited":false},{"PrincipalSID":"S-1-5-21-1631887839-1138881212-915906823-526","PrincipalType":"Group","RightName":"AddKeyCredentialLink","IsInherited":true},{"PrincipalSID":"S-1-5-21-1631887839-1138881212-915906823-527","PrincipalType":"Group","RightName":"AddKeyCredentialLink","IsInherited":true},{"PrincipalSID":"S-1-5-21-1631887839-1138881212-915906823-519","PrincipalType":"Group","RightName":"GenericAll","IsInherited":true},{"PrincipalSID":"SEVENKINGDOMS.LOCAL-S-1-5-32-544","PrincipalType":"Group","RightName":"WriteDacl","IsInherited":true},{"PrincipalSID":"SEVENKINGDOMS.LOCAL-S-1-5-32-544","PrincipalType":"Group","RightName":"WriteOwner","IsInherited":true},{"PrincipalSID":"SEVENKINGDOMS.LOCAL-S-1-5-32-544","PrincipalType":"Group","RightName":"GenericWrite","IsInherited":true}],"ObjectIdentifier":"S-1-5-21-1631887839-1138881212-915906823-1001","IsDeleted":false,"IsACLProtected":false}],"meta":{"methods":29695,"type":"computers","count":1,"version":5}}