﻿{"data":[{"GPOChanges":{"LocalAdmins":[],"RemoteDesktopUsers":[],"DcomUsers":[],"PSRemoteUsers":[],"AffectedComputers":[]},"Properties":{"domain":"SEVENKINGDOMS.LOCAL","name":"VALE@SEVENKINGDOMS.LOCAL","distinguishedname":"OU=VALE,DC=SEVENKINGDOMS,DC=LOCAL","domainsid":"S-1-5-21-1631887839-1138881212-915906823","highvalue":false,"description":null,"whencreated":1711357104,"blocksinheritance":false},"Links":[],"ChildObjects":[],"Aces":[{"PrincipalSID":"S-1-5-21-1631887839-1138881212-915906823-512","PrincipalType":"Group","RightName":"GenericAll","IsInherited":false},{"PrincipalSID":"S-1-5-21-1631887839-1138881212-915906823-519","PrincipalType":"Group","RightName":"GenericAll","IsInherited":true},{"PrincipalSID":"SEVENKINGDOMS.LOCAL-S-1-5-32-544","PrincipalType":"Group","RightName":"WriteDacl","IsInherited":true},{"PrincipalSID":"SEVENKINGDOMS.LOCAL-S-1-5-32-544","PrincipalType":"Group","RightName":"WriteOwner","IsInherited":true}],"ObjectIdentifier":"45673A57-14E1-4341-A06B-5156EFF44008","IsDeleted":false,"IsACLProtected":false},{"GPOChanges":{"LocalAdmins":[],"RemoteDesktopUsers":[],"DcomUsers":[],"PSRemoteUsers":[],"AffectedComputers":[]},"Properties":{"domain":"SEVENKINGDOMS.LOCAL","name":"IRONISLANDS@SEVENKINGDOMS.LOCAL","distinguishedname":"OU=IRONISLANDS,DC=SEVENKINGDOMS,DC=LOCAL","domainsid":"S-1-5-21-1631887839-1138881212-915906823","highvalue":false,"description":null,"whencreated":1711357107,"blocksinheritance":false},"Links":[],"ChildObjects":[],"Aces":[{"PrincipalSID":"S-1-5-21-1631887839-1138881212-915906823-512","PrincipalType":"Group","RightName":"GenericAll","IsInherited":false},{"PrincipalSID":"S-1-5-21-1631887839-1138881212-915906823-519","PrincipalType":"Group","RightName":"GenericAll","IsInherited":true},{"PrincipalSID":"SEVENKINGDOMS.LOCAL-S-1-5-32-544","PrincipalType":"Group","RightName":"WriteDacl","IsInherited":true},{"PrincipalSID":"SEVENKINGDOMS.LOCAL-S-1-5-32-544","PrincipalType":"Group","RightName":"WriteOwner","IsInherited":true}],"ObjectIdentifier":"0363AE21-0005-43B3-82B3-A6F1A40B1E77","IsDeleted":false,"IsACLProtected":false},{"GPOChanges":{"LocalAdmins":[],"RemoteDesktopUsers":[],"DcomUsers":[],"PSRemoteUsers":[],"AffectedComputers":[]},"Properties":{"domain":"SEVENKINGDOMS.LOCAL","name":"RIVERLANDS@SEVENKINGDOMS.LOCAL","distinguishedname":"OU=RIVERLANDS,DC=SEVENKINGDOMS,DC=LOCAL","domainsid":"S-1-5-21-1631887839-1138881212-915906823","highvalue":false,"description":null,"whencreated":1711357110,"blocksinheritance":false},"Links":[],"ChildObjects":[],"Aces":[{"PrincipalSID":"S-1-5-21-1631887839-1138881212-915906823-512","PrincipalType":"Group","RightName":"GenericAll","IsInherited":false},{"PrincipalSID":"S-1-5-21-1631887839-1138881212-915906823-519","PrincipalType":"Group","RightName":"GenericAll","IsInherited":true},{"PrincipalSID":"SEVENKINGDOMS.LOCAL-S-1-5-32-544","PrincipalType":"Group","RightName":"WriteDacl","IsInherited":true},{"PrincipalSID":"SEVENKINGDOMS.LOCAL-S-1-5-32-544","PrincipalType":"Group","RightName":"WriteOwner","IsInherited":true}],"ObjectIdentifier":"22FD8D35-DB33-4717-A346-2792B5CF5277","IsDeleted":false,"IsACLProtected":false},{"GPOChanges":{"LocalAdmins":[],"RemoteDesktopUsers":[],"DcomUsers":[],"PSRemoteUsers":[],"AffectedComputers":[]},"Properties":{"domain":"SEVENKINGDOMS.LOCAL","name":"CROWNLANDS@SEVENKINGDOMS.LOCAL","distinguishedname":"OU=CROWNLANDS,DC=SEVENKINGDOMS,DC=LOCAL","domainsid":"S-1-5-21-1631887839-1138881212-915906823","highvalue":false,"description":null,"whencreated":1711357113,"blocksinheritance":false},"Links":[],"ChildObjects":[{"ObjectIdentifier":"S-1-5-21-1631887839-1138881212-915906823-1115","ObjectType":"User"},{"ObjectIdentifier":"S-1-5-21-1631887839-1138881212-915906823-1111","ObjectType":"Group"},{"ObjectIdentifier":"S-1-5-21-1631887839-1138881212-915906823-1109","ObjectType":"Group"},{"ObjectIdentifier":"S-1-5-21-1631887839-1138881212-915906823-1114","ObjectType":"User"},{"ObjectIdentifier":"S-1-5-21-1631887839-1138881212-915906823-1118","ObjectType":"User"},{"ObjectIdentifier":"S-1-5-21-1631887839-1138881212-915906823-1110","ObjectType":"Group"},{"ObjectIdentifier":"S-1-5-21-1631887839-1138881212-915906823-1122","ObjectType":"User"},{"ObjectIdentifier":"S-1-5-21-1631887839-1138881212-915906823-1123","ObjectType":"User"},{"ObjectIdentifier":"S-1-5-21-1631887839-1138881212-915906823-1121","ObjectType":"User"},{"ObjectIdentifier":"S-1-5-21-1631887839-1138881212-915906823-1119","ObjectType":"User"},{"ObjectIdentifier":"S-1-5-21-1631887839-1138881212-915906823-1117","ObjectType":"User"},{"ObjectIdentifier":"S-1-5-21-1631887839-1138881212-915906823-1108","ObjectType":"Group"},{"ObjectIdentifier":"S-1-5-21-1631887839-1138881212-915906823-1120","ObjectType":"User"},{"ObjectIdentifier":"S-1-5-21-1631887839-1138881212-915906823-1113","ObjectType":"User"}],"Aces":[{"PrincipalSID":"S-1-5-21-1631887839-1138881212-915906823-512","PrincipalType":"Group","RightName":"GenericAll","IsInherited":false},{"PrincipalSID":"S-1-5-21-1631887839-1138881212-915906823-1119","PrincipalType":"User","RightName":"WriteDacl","IsInherited":false},{"PrincipalSID":"S-1-5-21-1631887839-1138881212-915906823-519","PrincipalType":"Group","RightName":"GenericAll","IsInherited":true},{"PrincipalSID":"SEVENKINGDOMS.LOCAL-S-1-5-32-544","PrincipalType":"Group","RightName":"WriteDacl","IsInherited":true},{"PrincipalSID":"SEVENKINGDOMS.LOCAL-S-1-5-32-544","PrincipalType":"Group","RightName":"WriteOwner","IsInherited":true}],"ObjectIdentifier":"78A44DC1-A024-4ED0-886B-33813302BBA4","IsDeleted":false,"IsACLProtected":false},{"GPOChanges":{"LocalAdmins":[],"RemoteDesktopUsers":[],"DcomUsers":[],"PSRemoteUsers":[],"AffectedComputers":[]},"Properties":{"domain":"SEVENKINGDOMS.LOCAL","name":"DORNE@SEVENKINGDOMS.LOCAL","distinguishedname":"OU=DORNE,DC=SEVENKINGDOMS,DC=LOCAL","domainsid":"S-1-5-21-1631887839-1138881212-915906823","highvalue":false,"description":null,"whencreated":1711357124,"blocksinheritance":false},"Links":[],"ChildObjects":[],"Aces":[{"PrincipalSID":"S-1-5-21-1631887839-1138881212-915906823-512","PrincipalType":"Group","RightName":"GenericAll","IsInherited":false},{"PrincipalSID":"S-1-5-21-1631887839-1138881212-915906823-519","PrincipalType":"Group","RightName":"GenericAll","IsInherited":true},{"PrincipalSID":"SEVENKINGDOMS.LOCAL-S-1-5-32-544","PrincipalType":"Group","RightName":"WriteDacl","IsInherited":true},{"PrincipalSID":"SEVENKINGDOMS.LOCAL-S-1-5-32-544","PrincipalType":"Group","RightName":"WriteOwner","IsInherited":true}],"ObjectIdentifier":"05EFEB45-095C-4E83-A814-0F443009052B","IsDeleted":false,"IsACLProtected":false},{"GPOChanges":{"LocalAdmins":[],"RemoteDesktopUsers":[],"DcomUsers":[],"PSRemoteUsers":[],"AffectedComputers":[]},"Properties":{"domain":"SEVENKINGDOMS.LOCAL","name":"REACH@SEVENKINGDOMS.LOCAL","distinguishedname":"OU=REACH,DC=SEVENKINGDOMS,DC=LOCAL","domainsid":"S-1-5-21-1631887839-1138881212-915906823","highvalue":false,"description":null,"whencreated":1711357121,"blocksinheritance":false},"Links":[],"ChildObjects":[],"Aces":[{"PrincipalSID":"S-1-5-21-1631887839-1138881212-915906823-512","PrincipalType":"Group","RightName":"GenericAll","IsInherited":false},{"PrincipalSID":"S-1-5-21-1631887839-1138881212-915906823-519","PrincipalType":"Group","RightName":"GenericAll","IsInherited":true},{"PrincipalSID":"SEVENKINGDOMS.LOCAL-S-1-5-32-544","PrincipalType":"Group","RightName":"WriteDacl","IsInherited":true},{"PrincipalSID":"SEVENKINGDOMS.LOCAL-S-1-5-32-544","PrincipalType":"Group","RightName":"WriteOwner","IsInherited":true}],"ObjectIdentifier":"638694BB-9D5E-41DC-BA69-B02235BD697A","IsDeleted":false,"IsACLProtected":false},{"GPOChanges":{"LocalAdmins":[],"RemoteDesktopUsers":[],"DcomUsers":[],"PSRemoteUsers":[],"AffectedComputers":[]},"Properties":{"domain":"SEVENKINGDOMS.LOCAL","name":"WESTERLANDS@SEVENKINGDOMS.LOCAL","distinguishedname":"OU=WESTERLANDS,DC=SEVENKINGDOMS,DC=LOCAL","domainsid":"S-1-5-21-1631887839-1138881212-915906823","highvalue":false,"description":null,"whencreated":1711357119,"blocksinheritance":false},"Links":[],"ChildObjects":[{"ObjectIdentifier":"S-1-5-21-1631887839-1138881212-915906823-1106","ObjectType":"Group"},{"ObjectIdentifier":"S-1-5-21-1631887839-1138881212-915906823-1116","ObjectType":"User"}],"Aces":[{"PrincipalSID":"S-1-5-21-1631887839-1138881212-915906823-512","PrincipalType":"Group","RightName":"GenericAll","IsInherited":false},{"PrincipalSID":"S-1-5-21-1631887839-1138881212-915906823-519","PrincipalType":"Group","RightName":"GenericAll","IsInherited":true},{"PrincipalSID":"SEVENKINGDOMS.LOCAL-S-1-5-32-544","PrincipalType":"Group","RightName":"WriteDacl","IsInherited":true},{"PrincipalSID":"SEVENKINGDOMS.LOCAL-S-1-5-32-544","PrincipalType":"Group","RightName":"WriteOwner","IsInherited":true}],"ObjectIdentifier":"D87AF8C3-AAE7-44C7-804B-E346CB0AE3F1","IsDeleted":false,"IsACLProtected":false},{"GPOChanges":{"LocalAdmins":[],"RemoteDesktopUsers":[],"DcomUsers":[],"PSRemoteUsers":[],"AffectedComputers":[]},"Properties":{"domain":"SEVENKINGDOMS.LOCAL","name":"STORMLANDS@SEVENKINGDOMS.LOCAL","distinguishedname":"OU=STORMLANDS,DC=SEVENKINGDOMS,DC=LOCAL","domainsid":"S-1-5-21-1631887839-1138881212-915906823","highvalue":false,"description":null,"whencreated":1711357116,"blocksinheritance":false},"Links":[],"ChildObjects":[{"ObjectIdentifier":"S-1-5-21-1631887839-1138881212-915906823-1107","ObjectType":"Group"}],"Aces":[{"PrincipalSID":"S-1-5-21-1631887839-1138881212-915906823-512","PrincipalType":"Group","RightName":"GenericAll","IsInherited":false},{"PrincipalSID":"S-1-5-21-1631887839-1138881212-915906823-519","PrincipalType":"Group","RightName":"GenericAll","IsInherited":true},{"PrincipalSID":"SEVENKINGDOMS.LOCAL-S-1-5-32-544","PrincipalType":"Group","RightName":"WriteDacl","IsInherited":true},{"PrincipalSID":"SEVENKINGDOMS.LOCAL-S-1-5-32-544","PrincipalType":"Group","RightName":"WriteOwner","IsInherited":true}],"ObjectIdentifier":"693C8EC3-7212-430E-8945-76E34065AF28","IsDeleted":false,"IsACLProtected":false},{"GPOChanges":{"LocalAdmins":[],"RemoteDesktopUsers":[],"DcomUsers":[],"PSRemoteUsers":[],"AffectedComputers":[{"ObjectIdentifier":"S-1-5-21-1631887839-1138881212-915906823-1001","ObjectType":"Computer"}]},"Properties":{"domain":"SEVENKINGDOMS.LOCAL","name":"DOMAIN CONTROLLERS@SEVENKINGDOMS.LOCAL","distinguishedname":"OU=DOMAIN CONTROLLERS,DC=SEVENKINGDOMS,DC=LOCAL","domainsid":"S-1-5-21-1631887839-1138881212-915906823","highvalue":false,"description":"Default container for domain controllers","whencreated":1711355297,"blocksinheritance":false},"Links":[{"IsEnforced":false,"GUID":"0B8BFC82-C3B4-49F6-9E32-45423C36E3EE"}],"ChildObjects":[{"ObjectIdentifier":"S-1-5-21-1631887839-1138881212-915906823-1001","ObjectType":"Computer"}],"Aces":[{"PrincipalSID":"S-1-5-21-1631887839-1138881212-915906823-512","PrincipalType":"Group","RightName":"Owns","IsInherited":false},{"PrincipalSID":"S-1-5-21-1631887839-1138881212-915906823-512","PrincipalType":"Group","RightName":"WriteDacl","IsInherited":false},{"PrincipalSID":"S-1-5-21-1631887839-1138881212-915906823-512","PrincipalType":"Group","RightName":"WriteOwner","IsInherited":false},{"PrincipalSID":"S-1-5-21-1631887839-1138881212-915906823-519","PrincipalType":"Group","RightName":"GenericAll","IsInherited":true},{"PrincipalSID":"SEVENKINGDOMS.LOCAL-S-1-5-32-544","PrincipalType":"Group","RightName":"WriteDacl","IsInherited":true},{"PrincipalSID":"SEVENKINGDOMS.LOCAL-S-1-5-32-544","PrincipalType":"Group","RightName":"WriteOwner","IsInherited":true}],"ObjectIdentifier":"6E8E2239-8148-43B8-9AB4-059193D123AF","IsDeleted":false,"IsACLProtected":false}],"meta":{"methods":29695,"type":"ous","count":9,"version":5}}