﻿{"data":[{"GPOChanges":{"LocalAdmins":[],"RemoteDesktopUsers":[],"DcomUsers":[],"PSRemoteUsers":[],"AffectedComputers":[]},"Properties":{"domain":"NORTH.SEVENKINGDOMS.LOCAL","name":"NORTH.SEVENKINGDOMS.LOCAL","distinguishedname":"DC=NORTH,DC=SEVENKINGDOMS,DC=LOCAL","domainsid":"S-1-5-21-1575675055-931709254-785709573","highvalue":true,"description":null,"whencreated":1711356103,"functionallevel":"2016"},"ChildObjects":[{"ObjectIdentifier":"9EE19BF0-BF2F-4382-B96F-B7B1C707B711","ObjectType":"Container"},{"ObjectIdentifier":"7E6E999D-7824-4BE2-9960-B186FA929372","ObjectType":"OU"},{"ObjectIdentifier":"5334C7C7-EFBD-4932-AD19-37B7F680D875","ObjectType":"Container"},{"ObjectIdentifier":"E750731A-F9EE-442F-8F2D-4C457CF16A6B","ObjectType":"Container"},{"ObjectIdentifier":"DAA26C26-F86C-4F87-8E92-2BCD347FC35E","ObjectType":"Container"}],"Trusts":[{"TargetDomainSid":"S-1-5-21-1631887839-1138881212-915906823","TargetDomainName":"SEVENKINGDOMS.LOCAL","IsTransitive":true,"SidFilteringEnabled":false,"TrustDirection":3,"TrustType":0}],"Links":[{"IsEnforced":false,"GUID":"4A43CC34-27E1-48C0-81F9-370197DFD004"},{"IsEnforced":false,"GUID":"956DC02B-4F79-4FCC-A16C-9D30F3A494E4"}],"Aces":[{"PrincipalSID":"NORTH.SEVENKINGDOMS.LOCAL-S-1-5-32-544","PrincipalType":"Group","RightName":"Owns","IsInherited":false},{"PrincipalSID":"NORTH.SEVENKINGDOMS.LOCAL-S-1-5-32-544","PrincipalType":"Group","RightName":"WriteDacl","IsInherited":false},{"PrincipalSID":"NORTH.SEVENKINGDOMS.LOCAL-S-1-5-32-544","PrincipalType":"Group","RightName":"WriteOwner","IsInherited":false},{"PrincipalSID":"NORTH.SEVENKINGDOMS.LOCAL-S-1-5-32-544","PrincipalType":"Group","RightName":"AllExtendedRights","IsInherited":false},{"PrincipalSID":"S-1-5-21-1575675055-931709254-785709573-512","PrincipalType":"Group","RightName":"WriteDacl","IsInherited":false},{"PrincipalSID":"S-1-5-21-1575675055-931709254-785709573-512","PrincipalType":"Group","RightName":"WriteOwner","IsInherited":false},{"PrincipalSID":"S-1-5-21-1575675055-931709254-785709573-512","PrincipalType":"Group","RightName":"AllExtendedRights","IsInherited":false},{"PrincipalSID":"S-1-5-21-1631887839-1138881212-915906823-519","PrincipalType":"Group","RightName":"GenericAll","IsInherited":false},{"PrincipalSID":"SEVENKINGDOMS.LOCAL-S-1-5-9","PrincipalType":"Group","RightName":"GetChanges","IsInherited":false},{"PrincipalSID":"SEVENKINGDOMS.LOCAL-S-1-5-9","PrincipalType":"Group","RightName":"GetChangesInFilteredSet","IsInherited":false},{"PrincipalSID":"NORTH.SEVENKINGDOMS.LOCAL-S-1-5-32-544","PrincipalType":"Group","RightName":"GetChangesAll","IsInherited":false},{"PrincipalSID":"NORTH.SEVENKINGDOMS.LOCAL-S-1-5-32-544","PrincipalType":"Group","RightName":"GetChanges","IsInherited":false},{"PrincipalSID":"NORTH.SEVENKINGDOMS.LOCAL-S-1-5-32-544","PrincipalType":"Group","RightName":"GetChangesInFilteredSet","IsInherited":false},{"PrincipalSID":"S-1-5-21-1575675055-931709254-785709573-516","PrincipalType":"Group","RightName":"GetChangesAll","IsInherited":false},{"PrincipalSID":"S-1-5-21-1631887839-1138881212-915906823-498","PrincipalType":"Group","RightName":"GetChanges","IsInherited":false}],"ObjectIdentifier":"S-1-5-21-1575675055-931709254-785709573","IsDeleted":false,"IsACLProtected":false}],"meta":{"methods":29695,"type":"domains","count":1,"version":5}}