﻿{"data":[{"GPOChanges":{"LocalAdmins":[],"RemoteDesktopUsers":[],"DcomUsers":[],"PSRemoteUsers":[],"AffectedComputers":[]},"Properties":{"domain":"NORTH.SEVENKINGDOMS.LOCAL","name":"DOMAIN CONTROLLERS@NORTH.SEVENKINGDOMS.LOCAL","distinguishedname":"OU=DOMAIN CONTROLLERS,DC=NORTH,DC=SEVENKINGDOMS,DC=LOCAL","domainsid":"S-1-5-21-1575675055-931709254-785709573","highvalue":false,"description":"Default container for domain controllers","whencreated":1711356103,"blocksinheritance":false},"Links":[{"IsEnforced":false,"GUID":"5F984F9B-6A8E-4ECD-B8D4-CA893BD69422"}],"ChildObjects":[{"ObjectIdentifier":"S-1-5-21-1575675055-931709254-785709573-1001","ObjectType":"Computer"}],"Aces":[{"PrincipalSID":"S-1-5-21-1575675055-931709254-785709573-512","PrincipalType":"Group","RightName":"Owns","IsInherited":false},{"PrincipalSID":"S-1-5-21-1575675055-931709254-785709573-512","PrincipalType":"Group","RightName":"WriteDacl","IsInherited":false},{"PrincipalSID":"S-1-5-21-1575675055-931709254-785709573-512","PrincipalType":"Group","RightName":"WriteOwner","IsInherited":false},{"PrincipalSID":"S-1-5-21-1631887839-1138881212-915906823-519","PrincipalType":"Group","RightName":"GenericAll","IsInherited":true},{"PrincipalSID":"NORTH.SEVENKINGDOMS.LOCAL-S-1-5-32-544","PrincipalType":"Group","RightName":"WriteDacl","IsInherited":true},{"PrincipalSID":"NORTH.SEVENKINGDOMS.LOCAL-S-1-5-32-544","PrincipalType":"Group","RightName":"WriteOwner","IsInherited":true}],"ObjectIdentifier":"7E6E999D-7824-4BE2-9960-B186FA929372","IsDeleted":false,"IsACLProtected":false}],"meta":{"methods":29695,"type":"ous","count":1,"version":5}}