﻿{"data":[{"Properties":{"domain":"NORTH.SEVENKINGDOMS.LOCAL","name":"USERS@NORTH.SEVENKINGDOMS.LOCAL","distinguishedname":"CN=USERS,DC=NORTH,DC=SEVENKINGDOMS,DC=LOCAL","domainsid":"S-1-5-21-1575675055-931709254-785709573","highvalue":false},"ChildObjects":[{"ObjectIdentifier":"S-1-5-21-1575675055-931709254-785709573-1109","ObjectType":"Group"},{"ObjectIdentifier":"S-1-5-21-1575675055-931709254-785709573-500","ObjectType":"User"},{"ObjectIdentifier":"S-1-5-21-1575675055-931709254-785709573-571","ObjectType":"Group"},{"ObjectIdentifier":"S-1-5-21-1575675055-931709254-785709573-1110","ObjectType":"User"},{"ObjectIdentifier":"S-1-5-21-1575675055-931709254-785709573-1115","ObjectType":"User"},{"ObjectIdentifier":"S-1-5-21-1575675055-931709254-785709573-1112","ObjectType":"User"},{"ObjectIdentifier":"S-1-5-21-1575675055-931709254-785709573-517","ObjectType":"Group"},{"ObjectIdentifier":"S-1-5-21-1575675055-931709254-785709573-522","ObjectType":"Group"},{"ObjectIdentifier":"S-1-5-21-1575675055-931709254-785709573-572","ObjectType":"Group"},{"ObjectIdentifier":"S-1-5-21-1575675055-931709254-785709573-1102","ObjectType":"Group"},{"ObjectIdentifier":"S-1-5-21-1575675055-931709254-785709573-1103","ObjectType":"Group"},{"ObjectIdentifier":"S-1-5-21-1575675055-931709254-785709573-512","ObjectType":"Group"},{"ObjectIdentifier":"S-1-5-21-1575675055-931709254-785709573-515","ObjectType":"Group"},{"ObjectIdentifier":"S-1-5-21-1575675055-931709254-785709573-516","ObjectType":"Group"},{"ObjectIdentifier":"S-1-5-21-1575675055-931709254-785709573-514","ObjectType":"Group"},{"ObjectIdentifier":"S-1-5-21-1575675055-931709254-785709573-513","ObjectType":"Group"},{"ObjectIdentifier":"S-1-5-21-1575675055-931709254-785709573-1111","ObjectType":"User"},{"ObjectIdentifier":"S-1-5-21-1575675055-931709254-785709573-520","ObjectType":"Group"},{"ObjectIdentifier":"S-1-5-21-1575675055-931709254-785709573-501","ObjectType":"User"},{"ObjectIdentifier":"S-1-5-21-1575675055-931709254-785709573-1117","ObjectType":"User"},{"ObjectIdentifier":"S-1-5-21-1575675055-931709254-785709573-1120","ObjectType":"User"},{"ObjectIdentifier":"S-1-5-21-1575675055-931709254-785709573-1118","ObjectType":"User"},{"ObjectIdentifier":"S-1-5-21-1575675055-931709254-785709573-526","ObjectType":"Group"},{"ObjectIdentifier":"S-1-5-21-1575675055-931709254-785709573-502","ObjectType":"User"},{"ObjectIdentifier":"S-1-5-21-1575675055-931709254-785709573-1108","ObjectType":"Group"},{"ObjectIdentifier":"S-1-5-21-1575675055-931709254-785709573-1107","ObjectType":"Group"},{"ObjectIdentifier":"S-1-5-21-1575675055-931709254-785709573-525","ObjectType":"Group"},{"ObjectIdentifier":"S-1-5-21-1575675055-931709254-785709573-553","ObjectType":"Group"},{"ObjectIdentifier":"S-1-5-21-1575675055-931709254-785709573-521","ObjectType":"Group"},{"ObjectIdentifier":"S-1-5-21-1575675055-931709254-785709573-1116","ObjectType":"User"},{"ObjectIdentifier":"S-1-5-21-1575675055-931709254-785709573-1113","ObjectType":"User"},{"ObjectIdentifier":"S-1-5-21-1575675055-931709254-785709573-1119","ObjectType":"User"},{"ObjectIdentifier":"S-1-5-21-1575675055-931709254-785709573-1114","ObjectType":"User"},{"ObjectIdentifier":"S-1-5-21-1575675055-931709254-785709573-1121","ObjectType":"User"},{"ObjectIdentifier":"S-1-5-21-1575675055-931709254-785709573-1106","ObjectType":"Group"},{"ObjectIdentifier":"S-1-5-21-1575675055-931709254-785709573-1000","ObjectType":"User"}],"Aces":[{"PrincipalSID":"S-1-5-21-1575675055-931709254-785709573-512","PrincipalType":"Group","RightName":"Owns","IsInherited":false},{"PrincipalSID":"S-1-5-21-1575675055-931709254-785709573-512","PrincipalType":"Group","RightName":"WriteDacl","IsInherited":false},{"PrincipalSID":"S-1-5-21-1575675055-931709254-785709573-512","PrincipalType":"Group","RightName":"WriteOwner","IsInherited":false},{"PrincipalSID":"S-1-5-21-1631887839-1138881212-915906823-519","PrincipalType":"Group","RightName":"GenericAll","IsInherited":true},{"PrincipalSID":"NORTH.SEVENKINGDOMS.LOCAL-S-1-5-32-544","PrincipalType":"Group","RightName":"WriteDacl","IsInherited":true},{"PrincipalSID":"NORTH.SEVENKINGDOMS.LOCAL-S-1-5-32-544","PrincipalType":"Group","RightName":"WriteOwner","IsInherited":true}],"ObjectIdentifier":"DAA26C26-F86C-4F87-8E92-2BCD347FC35E","IsDeleted":false,"IsACLProtected":false},{"Properties":{"domain":"NORTH.SEVENKINGDOMS.LOCAL","name":"ADMINSDHOLDER@NORTH.SEVENKINGDOMS.LOCAL","distinguishedname":"CN=ADMINSDHOLDER,CN=SYSTEM,DC=NORTH,DC=SEVENKINGDOMS,DC=LOCAL","domainsid":"S-1-5-21-1575675055-931709254-785709573","highvalue":false},"ChildObjects":[],"Aces":[{"PrincipalSID":"S-1-5-21-1575675055-931709254-785709573-512","PrincipalType":"Group","RightName":"Owns","IsInherited":false},{"PrincipalSID":"NORTH.SEVENKINGDOMS.LOCAL-S-1-5-32-544","PrincipalType":"Group","RightName":"WriteDacl","IsInherited":false},{"PrincipalSID":"NORTH.SEVENKINGDOMS.LOCAL-S-1-5-32-544","PrincipalType":"Group","RightName":"WriteOwner","IsInherited":false},{"PrincipalSID":"S-1-5-21-1575675055-931709254-785709573-512","PrincipalType":"Group","RightName":"WriteDacl","IsInherited":false},{"PrincipalSID":"S-1-5-21-1575675055-931709254-785709573-512","PrincipalType":"Group","RightName":"WriteOwner","IsInherited":false},{"PrincipalSID":"S-1-5-21-1631887839-1138881212-915906823-519","PrincipalType":"Group","RightName":"WriteDacl","IsInherited":false},{"PrincipalSID":"S-1-5-21-1631887839-1138881212-915906823-519","PrincipalType":"Group","RightName":"WriteOwner","IsInherited":false}],"ObjectIdentifier":"D5624367-FDC9-40E3-8B36-0A16457A992B","IsDeleted":false,"IsACLProtected":true},{"Properties":{"domain":"NORTH.SEVENKINGDOMS.LOCAL","name":"RAS AND IAS SERVERS ACCESS CHECK@NORTH.SEVENKINGDOMS.LOCAL","distinguishedname":"CN=RAS AND IAS SERVERS ACCESS CHECK,CN=SYSTEM,DC=NORTH,DC=SEVENKINGDOMS,DC=LOCAL","domainsid":"S-1-5-21-1575675055-931709254-785709573","highvalue":false},"ChildObjects":[],"Aces":[{"PrincipalSID":"S-1-5-21-1575675055-931709254-785709573-512","PrincipalType":"Group","RightName":"Owns","IsInherited":false},{"PrincipalSID":"S-1-5-21-1575675055-931709254-785709573-553","PrincipalType":"Group","RightName":"WriteDacl","IsInherited":false},{"PrincipalSID":"S-1-5-21-1575675055-931709254-785709573-553","PrincipalType":"Group","RightName":"WriteOwner","IsInherited":false},{"PrincipalSID":"S-1-5-21-1631887839-1138881212-915906823-519","PrincipalType":"Group","RightName":"GenericAll","IsInherited":true},{"PrincipalSID":"NORTH.SEVENKINGDOMS.LOCAL-S-1-5-32-544","PrincipalType":"Group","RightName":"WriteDacl","IsInherited":true},{"PrincipalSID":"NORTH.SEVENKINGDOMS.LOCAL-S-1-5-32-544","PrincipalType":"Group","RightName":"WriteOwner","IsInherited":true}],"ObjectIdentifier":"7D9896DC-7EAC-4739-95D1-9743DBF50431","IsDeleted":false,"IsACLProtected":false},{"Properties":{"domain":"NORTH.SEVENKINGDOMS.LOCAL","name":"COMPARTITIONS@NORTH.SEVENKINGDOMS.LOCAL","distinguishedname":"CN=COMPARTITIONS,CN=SYSTEM,DC=NORTH,DC=SEVENKINGDOMS,DC=LOCAL","domainsid":"S-1-5-21-1575675055-931709254-785709573","highvalue":false},"ChildObjects":[],"Aces":[{"PrincipalSID":"S-1-5-21-1575675055-931709254-785709573-512","PrincipalType":"Group","RightName":"Owns","IsInherited":false},{"PrincipalSID":"S-1-5-21-1575675055-931709254-785709573-512","PrincipalType":"Group","RightName":"WriteDacl","IsInherited":false},{"PrincipalSID":"S-1-5-21-1575675055-931709254-785709573-512","PrincipalType":"Group","RightName":"WriteOwner","IsInherited":false},{"PrincipalSID":"S-1-5-21-1631887839-1138881212-915906823-519","PrincipalType":"Group","RightName":"GenericAll","IsInherited":true},{"PrincipalSID":"NORTH.SEVENKINGDOMS.LOCAL-S-1-5-32-544","PrincipalType":"Group","RightName":"WriteDacl","IsInherited":true},{"PrincipalSID":"NORTH.SEVENKINGDOMS.LOCAL-S-1-5-32-544","PrincipalType":"Group","RightName":"WriteOwner","IsInherited":true}],"ObjectIdentifier":"4F5E7637-8019-4768-A4D1-2018412094D4","IsDeleted":false,"IsACLProtected":false},{"Properties":{"domain":"NORTH.SEVENKINGDOMS.LOCAL","name":"COMPARTITIONSETS@NORTH.SEVENKINGDOMS.LOCAL","distinguishedname":"CN=COMPARTITIONSETS,CN=SYSTEM,DC=NORTH,DC=SEVENKINGDOMS,DC=LOCAL","domainsid":"S-1-5-21-1575675055-931709254-785709573","highvalue":false},"ChildObjects":[],"Aces":[{"PrincipalSID":"S-1-5-21-1575675055-931709254-785709573-512","PrincipalType":"Group","RightName":"Owns","IsInherited":false},{"PrincipalSID":"S-1-5-21-1575675055-931709254-785709573-512","PrincipalType":"Group","RightName":"WriteDacl","IsInherited":false},{"PrincipalSID":"S-1-5-21-1575675055-931709254-785709573-512","PrincipalType":"Group","RightName":"WriteOwner","IsInherited":false},{"PrincipalSID":"S-1-5-21-1631887839-1138881212-915906823-519","PrincipalType":"Group","RightName":"GenericAll","IsInherited":true},{"PrincipalSID":"NORTH.SEVENKINGDOMS.LOCAL-S-1-5-32-544","PrincipalType":"Group","RightName":"WriteDacl","IsInherited":true},{"PrincipalSID":"NORTH.SEVENKINGDOMS.LOCAL-S-1-5-32-544","PrincipalType":"Group","RightName":"WriteOwner","IsInherited":true}],"ObjectIdentifier":"FDCB0436-56ED-4AC1-93EC-1F82DFED3CB9","IsDeleted":false,"IsACLProtected":false},{"Properties":{"domain":"NORTH.SEVENKINGDOMS.LOCAL","name":"WMIPOLICY@NORTH.SEVENKINGDOMS.LOCAL","distinguishedname":"CN=WMIPOLICY,CN=SYSTEM,DC=NORTH,DC=SEVENKINGDOMS,DC=LOCAL","domainsid":"S-1-5-21-1575675055-931709254-785709573","highvalue":false},"ChildObjects":[],"Aces":[{"PrincipalSID":"S-1-5-21-1575675055-931709254-785709573-512","PrincipalType":"Group","RightName":"Owns","IsInherited":false},{"PrincipalSID":"S-1-5-21-1575675055-931709254-785709573-512","PrincipalType":"Group","RightName":"GenericAll","IsInherited":false},{"PrincipalSID":"S-1-5-21-1631887839-1138881212-915906823-519","PrincipalType":"Group","RightName":"GenericAll","IsInherited":false}],"ObjectIdentifier":"B8DF3D88-4863-4474-AD35-2E28A05D44FE","IsDeleted":false,"IsACLProtected":true},{"Properties":{"domain":"NORTH.SEVENKINGDOMS.LOCAL","name":"POLICYTYPE@NORTH.SEVENKINGDOMS.LOCAL","distinguishedname":"CN=POLICYTYPE,CN=WMIPOLICY,CN=SYSTEM,DC=NORTH,DC=SEVENKINGDOMS,DC=LOCAL","domainsid":"S-1-5-21-1575675055-931709254-785709573","highvalue":false},"ChildObjects":[],"Aces":[{"PrincipalSID":"S-1-5-21-1575675055-931709254-785709573-512","PrincipalType":"Group","RightName":"Owns","IsInherited":false},{"PrincipalSID":"S-1-5-21-1575675055-931709254-785709573-512","PrincipalType":"Group","RightName":"WriteDacl","IsInherited":false},{"PrincipalSID":"S-1-5-21-1575675055-931709254-785709573-512","PrincipalType":"Group","RightName":"WriteOwner","IsInherited":false},{"PrincipalSID":"S-1-5-21-1631887839-1138881212-915906823-519","PrincipalType":"Group","RightName":"GenericAll","IsInherited":true},{"PrincipalSID":"S-1-5-21-1575675055-931709254-785709573-512","PrincipalType":"Group","RightName":"GenericAll","IsInherited":true}],"ObjectIdentifier":"CE62A0EF-C507-48F0-A70F-191DB2F60503","IsDeleted":false,"IsACLProtected":false},{"Properties":{"domain":"NORTH.SEVENKINGDOMS.LOCAL","name":"COMPUTERS@NORTH.SEVENKINGDOMS.LOCAL","distinguishedname":"CN=COMPUTERS,DC=NORTH,DC=SEVENKINGDOMS,DC=LOCAL","domainsid":"S-1-5-21-1575675055-931709254-785709573","highvalue":false},"ChildObjects":[{"ObjectIdentifier":"S-1-5-21-1575675055-931709254-785709573-1105","ObjectType":"Computer"}],"Aces":[{"PrincipalSID":"S-1-5-21-1575675055-931709254-785709573-512","PrincipalType":"Group","RightName":"Owns","IsInherited":false},{"PrincipalSID":"S-1-5-21-1575675055-931709254-785709573-512","PrincipalType":"Group","RightName":"WriteDacl","IsInherited":false},{"PrincipalSID":"S-1-5-21-1575675055-931709254-785709573-512","PrincipalType":"Group","RightName":"WriteOwner","IsInherited":false},{"PrincipalSID":"S-1-5-21-1631887839-1138881212-915906823-519","PrincipalType":"Group","RightName":"GenericAll","IsInherited":true},{"PrincipalSID":"NORTH.SEVENKINGDOMS.LOCAL-S-1-5-32-544","PrincipalType":"Group","RightName":"WriteDacl","IsInherited":true},{"PrincipalSID":"NORTH.SEVENKINGDOMS.LOCAL-S-1-5-32-544","PrincipalType":"Group","RightName":"WriteOwner","IsInherited":true}],"ObjectIdentifier":"9EE19BF0-BF2F-4382-B96F-B7B1C707B711","IsDeleted":false,"IsACLProtected":false},{"Properties":{"domain":"NORTH.SEVENKINGDOMS.LOCAL","name":"SOM@NORTH.SEVENKINGDOMS.LOCAL","distinguishedname":"CN=SOM,CN=WMIPOLICY,CN=SYSTEM,DC=NORTH,DC=SEVENKINGDOMS,DC=LOCAL","domainsid":"S-1-5-21-1575675055-931709254-785709573","highvalue":false},"ChildObjects":[],"Aces":[{"PrincipalSID":"S-1-5-21-1575675055-931709254-785709573-512","PrincipalType":"Group","RightName":"Owns","IsInherited":false},{"PrincipalSID":"S-1-5-21-1575675055-931709254-785709573-512","PrincipalType":"Group","RightName":"GenericAll","IsInherited":false},{"PrincipalSID":"S-1-5-21-1631887839-1138881212-915906823-519","PrincipalType":"Group","RightName":"GenericAll","IsInherited":false}],"ObjectIdentifier":"4CD28C0F-F59B-4543-A7CB-F27A54358B5A","IsDeleted":false,"IsACLProtected":true},{"Properties":{"domain":"NORTH.SEVENKINGDOMS.LOCAL","name":"MEETINGS@NORTH.SEVENKINGDOMS.LOCAL","distinguishedname":"CN=MEETINGS,CN=SYSTEM,DC=NORTH,DC=SEVENKINGDOMS,DC=LOCAL","domainsid":"S-1-5-21-1575675055-931709254-785709573","highvalue":false},"ChildObjects":[],"Aces":[{"PrincipalSID":"S-1-5-21-1575675055-931709254-785709573-512","PrincipalType":"Group","RightName":"Owns","IsInherited":false},{"PrincipalSID":"S-1-5-21-1575675055-931709254-785709573-512","PrincipalType":"Group","RightName":"WriteDacl","IsInherited":false},{"PrincipalSID":"S-1-5-21-1575675055-931709254-785709573-512","PrincipalType":"Group","RightName":"WriteOwner","IsInherited":false},{"PrincipalSID":"S-1-5-21-1631887839-1138881212-915906823-519","PrincipalType":"Group","RightName":"GenericAll","IsInherited":true},{"PrincipalSID":"NORTH.SEVENKINGDOMS.LOCAL-S-1-5-32-544","PrincipalType":"Group","RightName":"WriteDacl","IsInherited":true},{"PrincipalSID":"NORTH.SEVENKINGDOMS.LOCAL-S-1-5-32-544","PrincipalType":"Group","RightName":"WriteOwner","IsInherited":true}],"ObjectIdentifier":"1E764CD1-A7DC-4739-9F5A-418E250783AA","IsDeleted":false,"IsACLProtected":false},{"Properties":{"domain":"NORTH.SEVENKINGDOMS.LOCAL","name":"WMIGPO@NORTH.SEVENKINGDOMS.LOCAL","distinguishedname":"CN=WMIGPO,CN=WMIPOLICY,CN=SYSTEM,DC=NORTH,DC=SEVENKINGDOMS,DC=LOCAL","domainsid":"S-1-5-21-1575675055-931709254-785709573","highvalue":false},"ChildObjects":[],"Aces":[{"PrincipalSID":"S-1-5-21-1575675055-931709254-785709573-512","PrincipalType":"Group","RightName":"Owns","IsInherited":false},{"PrincipalSID":"S-1-5-21-1575675055-931709254-785709573-512","PrincipalType":"Group","RightName":"WriteDacl","IsInherited":false},{"PrincipalSID":"S-1-5-21-1575675055-931709254-785709573-512","PrincipalType":"Group","RightName":"WriteOwner","IsInherited":false},{"PrincipalSID":"S-1-5-21-1631887839-1138881212-915906823-519","PrincipalType":"Group","RightName":"GenericAll","IsInherited":true},{"PrincipalSID":"S-1-5-21-1575675055-931709254-785709573-512","PrincipalType":"Group","RightName":"GenericAll","IsInherited":true}],"ObjectIdentifier":"A855149A-1357-4280-9F7F-EFE7ADDA8965","IsDeleted":false,"IsACLProtected":false},{"Properties":{"domain":"NORTH.SEVENKINGDOMS.LOCAL","name":"POLICYTEMPLATE@NORTH.SEVENKINGDOMS.LOCAL","distinguishedname":"CN=POLICYTEMPLATE,CN=WMIPOLICY,CN=SYSTEM,DC=NORTH,DC=SEVENKINGDOMS,DC=LOCAL","domainsid":"S-1-5-21-1575675055-931709254-785709573","highvalue":false},"ChildObjects":[],"Aces":[{"PrincipalSID":"S-1-5-21-1575675055-931709254-785709573-512","PrincipalType":"Group","RightName":"Owns","IsInherited":false},{"PrincipalSID":"S-1-5-21-1575675055-931709254-785709573-512","PrincipalType":"Group","RightName":"WriteDacl","IsInherited":false},{"PrincipalSID":"S-1-5-21-1575675055-931709254-785709573-512","PrincipalType":"Group","RightName":"WriteOwner","IsInherited":false},{"PrincipalSID":"S-1-5-21-1631887839-1138881212-915906823-519","PrincipalType":"Group","RightName":"GenericAll","IsInherited":true},{"PrincipalSID":"S-1-5-21-1575675055-931709254-785709573-512","PrincipalType":"Group","RightName":"GenericAll","IsInherited":true}],"ObjectIdentifier":"46464286-7D74-4234-931D-36AA0C7981DE","IsDeleted":false,"IsACLProtected":false},{"Properties":{"domain":"NORTH.SEVENKINGDOMS.LOCAL","name":"SYSTEM@NORTH.SEVENKINGDOMS.LOCAL","distinguishedname":"CN=SYSTEM,DC=NORTH,DC=SEVENKINGDOMS,DC=LOCAL","domainsid":"S-1-5-21-1575675055-931709254-785709573","highvalue":false},"ChildObjects":[],"Aces":[{"PrincipalSID":"S-1-5-21-1575675055-931709254-785709573-512","PrincipalType":"Group","RightName":"Owns","IsInherited":false},{"PrincipalSID":"S-1-5-21-1575675055-931709254-785709573-512","PrincipalType":"Group","RightName":"WriteDacl","IsInherited":false},{"PrincipalSID":"S-1-5-21-1575675055-931709254-785709573-512","PrincipalType":"Group","RightName":"WriteOwner","IsInherited":false},{"PrincipalSID":"S-1-5-21-1631887839-1138881212-915906823-519","PrincipalType":"Group","RightName":"GenericAll","IsInherited":true},{"PrincipalSID":"NORTH.SEVENKINGDOMS.LOCAL-S-1-5-32-544","PrincipalType":"Group","RightName":"WriteDacl","IsInherited":true},{"PrincipalSID":"NORTH.SEVENKINGDOMS.LOCAL-S-1-5-32-544","PrincipalType":"Group","RightName":"WriteOwner","IsInherited":true}],"ObjectIdentifier":"6D5234B1-FA20-42CB-A3C4-466D3C1911AC","IsDeleted":false,"IsACLProtected":false},{"Properties":{"domain":"NORTH.SEVENKINGDOMS.LOCAL","name":"PSPS@NORTH.SEVENKINGDOMS.LOCAL","distinguishedname":"CN=PSPS,CN=SYSTEM,DC=NORTH,DC=SEVENKINGDOMS,DC=LOCAL","domainsid":"S-1-5-21-1575675055-931709254-785709573","highvalue":false},"ChildObjects":[],"Aces":[{"PrincipalSID":"S-1-5-21-1575675055-931709254-785709573-512","PrincipalType":"Group","RightName":"Owns","IsInherited":false},{"PrincipalSID":"S-1-5-21-1575675055-931709254-785709573-512","PrincipalType":"Group","RightName":"GenericAll","IsInherited":false},{"PrincipalSID":"S-1-5-21-1631887839-1138881212-915906823-519","PrincipalType":"Group","RightName":"GenericAll","IsInherited":true},{"PrincipalSID":"NORTH.SEVENKINGDOMS.LOCAL-S-1-5-32-544","PrincipalType":"Group","RightName":"WriteDacl","IsInherited":true},{"PrincipalSID":"NORTH.SEVENKINGDOMS.LOCAL-S-1-5-32-544","PrincipalType":"Group","RightName":"WriteOwner","IsInherited":true}],"ObjectIdentifier":"162BABC9-E56D-4776-B6F5-B3537A0531A9","IsDeleted":false,"IsACLProtected":false},{"Properties":{"domain":"NORTH.SEVENKINGDOMS.LOCAL","name":"FOREIGNSECURITYPRINCIPALS@NORTH.SEVENKINGDOMS.LOCAL","distinguishedname":"CN=FOREIGNSECURITYPRINCIPALS,DC=NORTH,DC=SEVENKINGDOMS,DC=LOCAL","domainsid":"S-1-5-21-1575675055-931709254-785709573","highvalue":false},"ChildObjects":[],"Aces":[{"PrincipalSID":"S-1-5-21-1575675055-931709254-785709573-512","PrincipalType":"Group","RightName":"Owns","IsInherited":false},{"PrincipalSID":"S-1-5-21-1575675055-931709254-785709573-512","PrincipalType":"Group","RightName":"GenericAll","IsInherited":false},{"PrincipalSID":"S-1-5-21-1631887839-1138881212-915906823-519","PrincipalType":"Group","RightName":"GenericAll","IsInherited":true},{"PrincipalSID":"NORTH.SEVENKINGDOMS.LOCAL-S-1-5-32-544","PrincipalType":"Group","RightName":"WriteDacl","IsInherited":true},{"PrincipalSID":"NORTH.SEVENKINGDOMS.LOCAL-S-1-5-32-544","PrincipalType":"Group","RightName":"WriteOwner","IsInherited":true}],"ObjectIdentifier":"5334C7C7-EFBD-4932-AD19-37B7F680D875","IsDeleted":false,"IsACLProtected":false},{"Properties":{"domain":"NORTH.SEVENKINGDOMS.LOCAL","name":"RPCSERVICES@NORTH.SEVENKINGDOMS.LOCAL","distinguishedname":"CN=RPCSERVICES,CN=SYSTEM,DC=NORTH,DC=SEVENKINGDOMS,DC=LOCAL","domainsid":"S-1-5-21-1575675055-931709254-785709573","highvalue":false},"ChildObjects":[],"Aces":[{"PrincipalSID":"S-1-5-21-1575675055-931709254-785709573-512","PrincipalType":"Group","RightName":"Owns","IsInherited":false},{"PrincipalSID":"S-1-5-21-1575675055-931709254-785709573-512","PrincipalType":"Group","RightName":"WriteDacl","IsInherited":false},{"PrincipalSID":"S-1-5-21-1575675055-931709254-785709573-512","PrincipalType":"Group","RightName":"WriteOwner","IsInherited":false},{"PrincipalSID":"S-1-5-21-1631887839-1138881212-915906823-519","PrincipalType":"Group","RightName":"GenericAll","IsInherited":true},{"PrincipalSID":"NORTH.SEVENKINGDOMS.LOCAL-S-1-5-32-544","PrincipalType":"Group","RightName":"WriteDacl","IsInherited":true},{"PrincipalSID":"NORTH.SEVENKINGDOMS.LOCAL-S-1-5-32-544","PrincipalType":"Group","RightName":"WriteOwner","IsInherited":true}],"ObjectIdentifier":"23C20F38-277F-4FB8-9B92-67CA8999EAB1","IsDeleted":false,"IsACLProtected":false},{"Properties":{"domain":"NORTH.SEVENKINGDOMS.LOCAL","name":"PROGRAM DATA@NORTH.SEVENKINGDOMS.LOCAL","distinguishedname":"CN=PROGRAM DATA,DC=NORTH,DC=SEVENKINGDOMS,DC=LOCAL","domainsid":"S-1-5-21-1575675055-931709254-785709573","highvalue":false},"ChildObjects":[],"Aces":[{"PrincipalSID":"S-1-5-21-1575675055-931709254-785709573-512","PrincipalType":"Group","RightName":"Owns","IsInherited":false},{"PrincipalSID":"S-1-5-21-1575675055-931709254-785709573-512","PrincipalType":"Group","RightName":"GenericAll","IsInherited":false},{"PrincipalSID":"S-1-5-21-1631887839-1138881212-915906823-519","PrincipalType":"Group","RightName":"GenericAll","IsInherited":true},{"PrincipalSID":"NORTH.SEVENKINGDOMS.LOCAL-S-1-5-32-544","PrincipalType":"Group","RightName":"WriteDacl","IsInherited":true},{"PrincipalSID":"NORTH.SEVENKINGDOMS.LOCAL-S-1-5-32-544","PrincipalType":"Group","RightName":"WriteOwner","IsInherited":true}],"ObjectIdentifier":"72C27089-3BE8-49E7-A2E3-E35D6AD3E167","IsDeleted":false,"IsACLProtected":false},{"Properties":{"domain":"NORTH.SEVENKINGDOMS.LOCAL","name":"POLICIES@NORTH.SEVENKINGDOMS.LOCAL","distinguishedname":"CN=POLICIES,CN=SYSTEM,DC=NORTH,DC=SEVENKINGDOMS,DC=LOCAL","domainsid":"S-1-5-21-1575675055-931709254-785709573","highvalue":false},"ChildObjects":[],"Aces":[{"PrincipalSID":"S-1-5-21-1575675055-931709254-785709573-512","PrincipalType":"Group","RightName":"Owns","IsInherited":false},{"PrincipalSID":"S-1-5-21-1575675055-931709254-785709573-512","PrincipalType":"Group","RightName":"WriteDacl","IsInherited":false},{"PrincipalSID":"S-1-5-21-1575675055-931709254-785709573-512","PrincipalType":"Group","RightName":"WriteOwner","IsInherited":false},{"PrincipalSID":"S-1-5-21-1631887839-1138881212-915906823-519","PrincipalType":"Group","RightName":"GenericAll","IsInherited":true},{"PrincipalSID":"NORTH.SEVENKINGDOMS.LOCAL-S-1-5-32-544","PrincipalType":"Group","RightName":"WriteDacl","IsInherited":true},{"PrincipalSID":"NORTH.SEVENKINGDOMS.LOCAL-S-1-5-32-544","PrincipalType":"Group","RightName":"WriteOwner","IsInherited":true}],"ObjectIdentifier":"5F230D88-5C11-4F43-B0C1-090EC52A2919","IsDeleted":false,"IsACLProtected":false},{"Properties":{"domain":"NORTH.SEVENKINGDOMS.LOCAL","name":"MICROSOFT@NORTH.SEVENKINGDOMS.LOCAL","distinguishedname":"CN=MICROSOFT,CN=PROGRAM DATA,DC=NORTH,DC=SEVENKINGDOMS,DC=LOCAL","domainsid":"S-1-5-21-1575675055-931709254-785709573","highvalue":false},"ChildObjects":[],"Aces":[{"PrincipalSID":"S-1-5-21-1575675055-931709254-785709573-512","PrincipalType":"Group","RightName":"Owns","IsInherited":false},{"PrincipalSID":"S-1-5-21-1575675055-931709254-785709573-512","PrincipalType":"Group","RightName":"GenericAll","IsInherited":false},{"PrincipalSID":"S-1-5-21-1631887839-1138881212-915906823-519","PrincipalType":"Group","RightName":"GenericAll","IsInherited":true},{"PrincipalSID":"NORTH.SEVENKINGDOMS.LOCAL-S-1-5-32-544","PrincipalType":"Group","RightName":"WriteDacl","IsInherited":true},{"PrincipalSID":"NORTH.SEVENKINGDOMS.LOCAL-S-1-5-32-544","PrincipalType":"Group","RightName":"WriteOwner","IsInherited":true}],"ObjectIdentifier":"07E87588-0250-46FE-8BBC-1D62C1A20DDE","IsDeleted":false,"IsACLProtected":false},{"Properties":{"domain":"NORTH.SEVENKINGDOMS.LOCAL","name":"MANAGED SERVICE ACCOUNTS@NORTH.SEVENKINGDOMS.LOCAL","distinguishedname":"CN=MANAGED SERVICE ACCOUNTS,DC=NORTH,DC=SEVENKINGDOMS,DC=LOCAL","domainsid":"S-1-5-21-1575675055-931709254-785709573","highvalue":false},"ChildObjects":[],"Aces":[{"PrincipalSID":"S-1-5-21-1575675055-931709254-785709573-512","PrincipalType":"Group","RightName":"Owns","IsInherited":false},{"PrincipalSID":"S-1-5-21-1575675055-931709254-785709573-512","PrincipalType":"Group","RightName":"WriteDacl","IsInherited":false},{"PrincipalSID":"S-1-5-21-1575675055-931709254-785709573-512","PrincipalType":"Group","RightName":"WriteOwner","IsInherited":false},{"PrincipalSID":"S-1-5-21-1631887839-1138881212-915906823-519","PrincipalType":"Group","RightName":"GenericAll","IsInherited":true},{"PrincipalSID":"NORTH.SEVENKINGDOMS.LOCAL-S-1-5-32-544","PrincipalType":"Group","RightName":"WriteDacl","IsInherited":true},{"PrincipalSID":"NORTH.SEVENKINGDOMS.LOCAL-S-1-5-32-544","PrincipalType":"Group","RightName":"WriteOwner","IsInherited":true}],"ObjectIdentifier":"E750731A-F9EE-442F-8F2D-4C457CF16A6B","IsDeleted":false,"IsACLProtected":false},{"Properties":{"domain":"NORTH.SEVENKINGDOMS.LOCAL","name":"WINSOCKSERVICES@NORTH.SEVENKINGDOMS.LOCAL","distinguishedname":"CN=WINSOCKSERVICES,CN=SYSTEM,DC=NORTH,DC=SEVENKINGDOMS,DC=LOCAL","domainsid":"S-1-5-21-1575675055-931709254-785709573","highvalue":false},"ChildObjects":[],"Aces":[{"PrincipalSID":"S-1-5-21-1575675055-931709254-785709573-512","PrincipalType":"Group","RightName":"Owns","IsInherited":false},{"PrincipalSID":"S-1-5-21-1575675055-931709254-785709573-512","PrincipalType":"Group","RightName":"WriteDacl","IsInherited":false},{"PrincipalSID":"S-1-5-21-1575675055-931709254-785709573-512","PrincipalType":"Group","RightName":"WriteOwner","IsInherited":false},{"PrincipalSID":"S-1-5-21-1631887839-1138881212-915906823-519","PrincipalType":"Group","RightName":"GenericAll","IsInherited":true},{"PrincipalSID":"NORTH.SEVENKINGDOMS.LOCAL-S-1-5-32-544","PrincipalType":"Group","RightName":"WriteDacl","IsInherited":true},{"PrincipalSID":"NORTH.SEVENKINGDOMS.LOCAL-S-1-5-32-544","PrincipalType":"Group","RightName":"WriteOwner","IsInherited":true}],"ObjectIdentifier":"0A895AEE-5294-4B88-9E90-6727903CBBDA","IsDeleted":false,"IsACLProtected":false}],"meta":{"methods":29695,"type":"containers","count":21,"version":5}}