﻿{"data":[{"Properties":{"domain":"NORTH.SEVENKINGDOMS.LOCAL","name":"STARKWALLPAPER@NORTH.SEVENKINGDOMS.LOCAL","distinguishedname":"CN={7ACDEEB1-A60C-4A37-A115-CA6086E0BF60},CN=POLICIES,CN=SYSTEM,DC=NORTH,DC=SEVENKINGDOMS,DC=LOCAL","domainsid":"S-1-5-21-1575675055-931709254-785709573","highvalue":false,"description":null,"whencreated":1711359139,"gpcpath":"\\\\NORTH.SEVENKINGDOMS.LOCAL\\SYSVOL\\NORTH.SEVENKINGDOMS.LOCAL\\POLICIES\\{7ACDEEB1-A60C-4A37-A115-CA6086E0BF60}"},"Aces":[{"PrincipalSID":"S-1-5-21-1575675055-931709254-785709573-1000","PrincipalType":"User","RightName":"Owns","IsInherited":false},{"PrincipalSID":"S-1-5-21-1575675055-931709254-785709573-512","PrincipalType":"Group","RightName":"WriteDacl","IsInherited":false},{"PrincipalSID":"S-1-5-21-1575675055-931709254-785709573-512","PrincipalType":"Group","RightName":"WriteOwner","IsInherited":false},{"PrincipalSID":"S-1-5-21-1575675055-931709254-785709573-512","PrincipalType":"Group","RightName":"GenericWrite","IsInherited":false},{"PrincipalSID":"S-1-5-21-1575675055-931709254-785709573-1000","PrincipalType":"User","RightName":"WriteDacl","IsInherited":false},{"PrincipalSID":"S-1-5-21-1575675055-931709254-785709573-1000","PrincipalType":"User","RightName":"WriteOwner","IsInherited":false},{"PrincipalSID":"S-1-5-21-1575675055-931709254-785709573-1000","PrincipalType":"User","RightName":"GenericWrite","IsInherited":false},{"PrincipalSID":"S-1-5-21-1575675055-931709254-785709573-1119","PrincipalType":"User","RightName":"WriteDacl","IsInherited":false},{"PrincipalSID":"S-1-5-21-1575675055-931709254-785709573-1119","PrincipalType":"User","RightName":"WriteOwner","IsInherited":false},{"PrincipalSID":"S-1-5-21-1575675055-931709254-785709573-1119","PrincipalType":"User","RightName":"GenericWrite","IsInherited":false},{"PrincipalSID":"S-1-5-21-1631887839-1138881212-915906823-519","PrincipalType":"Group","RightName":"WriteDacl","IsInherited":false},{"PrincipalSID":"S-1-5-21-1631887839-1138881212-915906823-519","PrincipalType":"Group","RightName":"WriteOwner","IsInherited":false},{"PrincipalSID":"S-1-5-21-1631887839-1138881212-915906823-519","PrincipalType":"Group","RightName":"GenericWrite","IsInherited":false}],"ObjectIdentifier":"4A43CC34-27E1-48C0-81F9-370197DFD004","IsDeleted":false,"IsACLProtected":true},{"Properties":{"domain":"NORTH.SEVENKINGDOMS.LOCAL","name":"DEFAULT DOMAIN POLICY@NORTH.SEVENKINGDOMS.LOCAL","distinguishedname":"CN={31B2F340-016D-11D2-945F-00C04FB984F9},CN=POLICIES,CN=SYSTEM,DC=NORTH,DC=SEVENKINGDOMS,DC=LOCAL","domainsid":"S-1-5-21-1575675055-931709254-785709573","highvalue":false,"description":null,"whencreated":1711356103,"gpcpath":"\\\\NORTH.SEVENKINGDOMS.LOCAL\\SYSVOL\\NORTH.SEVENKINGDOMS.LOCAL\\POLICIES\\{31B2F340-016D-11D2-945F-00C04FB984F9}"},"Aces":[{"PrincipalSID":"S-1-5-21-1575675055-931709254-785709573-512","PrincipalType":"Group","RightName":"Owns","IsInherited":false},{"PrincipalSID":"S-1-5-21-1575675055-931709254-785709573-512","PrincipalType":"Group","RightName":"WriteDacl","IsInherited":false},{"PrincipalSID":"S-1-5-21-1575675055-931709254-785709573-512","PrincipalType":"Group","RightName":"WriteOwner","IsInherited":false},{"PrincipalSID":"S-1-5-21-1575675055-931709254-785709573-512","PrincipalType":"Group","RightName":"GenericWrite","IsInherited":false},{"PrincipalSID":"S-1-5-21-1575675055-931709254-785709573-512","PrincipalType":"Group","RightName":"WriteDacl","IsInherited":false},{"PrincipalSID":"S-1-5-21-1575675055-931709254-785709573-512","PrincipalType":"Group","RightName":"WriteOwner","IsInherited":false},{"PrincipalSID":"S-1-5-21-1575675055-931709254-785709573-512","PrincipalType":"Group","RightName":"GenericWrite","IsInherited":false},{"PrincipalSID":"S-1-5-21-1631887839-1138881212-915906823-519","PrincipalType":"Group","RightName":"WriteDacl","IsInherited":false},{"PrincipalSID":"S-1-5-21-1631887839-1138881212-915906823-519","PrincipalType":"Group","RightName":"WriteOwner","IsInherited":false},{"PrincipalSID":"S-1-5-21-1631887839-1138881212-915906823-519","PrincipalType":"Group","RightName":"GenericWrite","IsInherited":false}],"ObjectIdentifier":"956DC02B-4F79-4FCC-A16C-9D30F3A494E4","IsDeleted":false,"IsACLProtected":true},{"Properties":{"domain":"NORTH.SEVENKINGDOMS.LOCAL","name":"DEFAULT DOMAIN CONTROLLERS POLICY@NORTH.SEVENKINGDOMS.LOCAL","distinguishedname":"CN={6AC1786C-016F-11D2-945F-00C04FB984F9},CN=POLICIES,CN=SYSTEM,DC=NORTH,DC=SEVENKINGDOMS,DC=LOCAL","domainsid":"S-1-5-21-1575675055-931709254-785709573","highvalue":false,"description":null,"whencreated":1711356103,"gpcpath":"\\\\NORTH.SEVENKINGDOMS.LOCAL\\SYSVOL\\NORTH.SEVENKINGDOMS.LOCAL\\POLICIES\\{6AC1786C-016F-11D2-945F-00C04FB984F9}"},"Aces":[{"PrincipalSID":"S-1-5-21-1575675055-931709254-785709573-512","PrincipalType":"Group","RightName":"Owns","IsInherited":false},{"PrincipalSID":"S-1-5-21-1575675055-931709254-785709573-512","PrincipalType":"Group","RightName":"WriteDacl","IsInherited":false},{"PrincipalSID":"S-1-5-21-1575675055-931709254-785709573-512","PrincipalType":"Group","RightName":"WriteOwner","IsInherited":false},{"PrincipalSID":"S-1-5-21-1575675055-931709254-785709573-512","PrincipalType":"Group","RightName":"GenericWrite","IsInherited":false},{"PrincipalSID":"S-1-5-21-1575675055-931709254-785709573-512","PrincipalType":"Group","RightName":"WriteDacl","IsInherited":false},{"PrincipalSID":"S-1-5-21-1575675055-931709254-785709573-512","PrincipalType":"Group","RightName":"WriteOwner","IsInherited":false},{"PrincipalSID":"S-1-5-21-1575675055-931709254-785709573-512","PrincipalType":"Group","RightName":"GenericWrite","IsInherited":false},{"PrincipalSID":"S-1-5-21-1631887839-1138881212-915906823-519","PrincipalType":"Group","RightName":"WriteDacl","IsInherited":false},{"PrincipalSID":"S-1-5-21-1631887839-1138881212-915906823-519","PrincipalType":"Group","RightName":"WriteOwner","IsInherited":false},{"PrincipalSID":"S-1-5-21-1631887839-1138881212-915906823-519","PrincipalType":"Group","RightName":"GenericWrite","IsInherited":false}],"ObjectIdentifier":"5F984F9B-6A8E-4ECD-B8D4-CA893BD69422","IsDeleted":false,"IsACLProtected":true}],"meta":{"methods":29695,"type":"gpos","count":3,"version":5}}