﻿{"data":[{"Properties":{"domain":"NORTH.SEVENKINGDOMS.LOCAL","name":"CASTELBLACK.NORTH.SEVENKINGDOMS.LOCAL","distinguishedname":"CN=CASTELBLACK,CN=COMPUTERS,DC=NORTH,DC=SEVENKINGDOMS,DC=LOCAL","domainsid":"S-1-5-21-1575675055-931709254-785709573","highvalue":false,"samaccountname":"CASTELBLACK$","haslaps":false,"description":null,"whencreated":1711356827,"enabled":true,"unconstraineddelegation":false,"trustedtoauth":false,"lastlogon":1713277451,"lastlogontimestamp":1713275403,"pwdlastset":1711382027,"serviceprincipalnames":["WSMAN/castelblack","WSMAN/castelblack.north.sevenkingdoms.local","HTTP/winterfell.north.sevenkingdoms.local","TERMSRV/CASTELBLACK","TERMSRV/castelblack.north.sevenkingdoms.local","RestrictedKrbHost/CASTELBLACK","HOST/CASTELBLACK","RestrictedKrbHost/castelblack.north.sevenkingdoms.local","HOST/castelblack.north.sevenkingdoms.local"],"operatingsystem":"Windows Server 2019 Datacenter Evaluation","sidhistory":[]},"PrimaryGroupSID":"S-1-5-21-1575675055-931709254-785709573-515","AllowedToDelegate":[],"AllowedToAct":[],"HasSIDHistory":[],"DumpSMSAPassword":[],"Sessions":{"Results":[],"Collected":false,"FailureReason":null},"PrivilegedSessions":{"Results":[],"Collected":false,"FailureReason":null},"RegistrySessions":{"Results":[],"Collected":false,"FailureReason":null},"LocalAdmins":{"Results":[],"Collected":false,"FailureReason":null},"RemoteDesktopUsers":{"Results":[],"Collected":false,"FailureReason":null},"DcomUsers":{"Results":[],"Collected":false,"FailureReason":null},"PSRemoteUsers":{"Results":[],"Collected":false,"FailureReason":null},"Status":null,"Aces":[{"PrincipalSID":"S-1-5-21-1575675055-931709254-785709573-512","PrincipalType":"Group","RightName":"Owns","IsInherited":false},{"PrincipalSID":"NORTH.SEVENKINGDOMS.LOCAL-S-1-5-32-548","PrincipalType":"Group","RightName":"GenericAll","IsInherited":false},{"PrincipalSID":"S-1-5-21-1575675055-931709254-785709573-512","PrincipalType":"Group","RightName":"GenericAll","IsInherited":false},{"PrincipalSID":"S-1-5-21-1575675055-931709254-785709573-526","PrincipalType":"Group","RightName":"AddKeyCredentialLink","IsInherited":true},{"PrincipalSID":"S-1-5-21-1631887839-1138881212-915906823-527","PrincipalType":"Group","RightName":"AddKeyCredentialLink","IsInherited":true},{"PrincipalSID":"S-1-5-21-1631887839-1138881212-915906823-519","PrincipalType":"Group","RightName":"GenericAll","IsInherited":true},{"PrincipalSID":"NORTH.SEVENKINGDOMS.LOCAL-S-1-5-32-544","PrincipalType":"Group","RightName":"WriteDacl","IsInherited":true},{"PrincipalSID":"NORTH.SEVENKINGDOMS.LOCAL-S-1-5-32-544","PrincipalType":"Group","RightName":"WriteOwner","IsInherited":true},{"PrincipalSID":"NORTH.SEVENKINGDOMS.LOCAL-S-1-5-32-544","PrincipalType":"Group","RightName":"GenericWrite","IsInherited":true}],"ObjectIdentifier":"S-1-5-21-1575675055-931709254-785709573-1105","IsDeleted":false,"IsACLProtected":false},{"Properties":{"domain":"NORTH.SEVENKINGDOMS.LOCAL","name":"WINTERFELL.NORTH.SEVENKINGDOMS.LOCAL","distinguishedname":"CN=WINTERFELL,OU=DOMAIN CONTROLLERS,DC=NORTH,DC=SEVENKINGDOMS,DC=LOCAL","domainsid":"S-1-5-21-1575675055-931709254-785709573","highvalue":false,"samaccountname":"WINTERFELL$","haslaps":false,"description":null,"whencreated":1711356123,"enabled":true,"unconstraineddelegation":true,"trustedtoauth":false,"lastlogon":1713275337,"lastlogontimestamp":1713275330,"pwdlastset":1711381350,"serviceprincipalnames":["ldap/winterfell.north.sevenkingdoms.local/DomainDnsZones.north.sevenkingdoms.local","ldap/winterfell.north.sevenkingdoms.local/ForestDnsZones.sevenkingdoms.local","Dfsr-12F9A27C-BF97-4787-9364-D31B6C55EB04/winterfell.north.sevenkingdoms.local","TERMSRV/WINTERFELL","TERMSRV/winterfell.north.sevenkingdoms.local","DNS/winterfell.north.sevenkingdoms.local","GC/winterfell.north.sevenkingdoms.local/sevenkingdoms.local","RestrictedKrbHost/winterfell.north.sevenkingdoms.local","RestrictedKrbHost/WINTERFELL","RPC/29004b2d-b0ad-4633-8c24-354a2ec1b35b._msdcs.sevenkingdoms.local","HOST/WINTERFELL/NORTH","HOST/winterfell.north.sevenkingdoms.local/NORTH","HOST/WINTERFELL","HOST/winterfell.north.sevenkingdoms.local","HOST/winterfell.north.sevenkingdoms.local/north.sevenkingdoms.local","E3514235-4B06-11D1-AB04-00C04FC2DCD2/29004b2d-b0ad-4633-8c24-354a2ec1b35b/north.sevenkingdoms.local","ldap/WINTERFELL/NORTH","ldap/29004b2d-b0ad-4633-8c24-354a2ec1b35b._msdcs.sevenkingdoms.local","ldap/winterfell.north.sevenkingdoms.local/NORTH","ldap/WINTERFELL","ldap/winterfell.north.sevenkingdoms.local","ldap/winterfell.north.sevenkingdoms.local/north.sevenkingdoms.local"],"operatingsystem":"Windows Server 2019 Datacenter Evaluation","sidhistory":[]},"PrimaryGroupSID":"S-1-5-21-1575675055-931709254-785709573-516","AllowedToDelegate":[],"AllowedToAct":[],"HasSIDHistory":[],"DumpSMSAPassword":[],"Sessions":{"Results":[],"Collected":false,"FailureReason":null},"PrivilegedSessions":{"Results":[],"Collected":false,"FailureReason":null},"RegistrySessions":{"Results":[],"Collected":false,"FailureReason":null},"LocalAdmins":{"Results":[],"Collected":false,"FailureReason":null},"RemoteDesktopUsers":{"Results":[],"Collected":false,"FailureReason":null},"DcomUsers":{"Results":[],"Collected":false,"FailureReason":null},"PSRemoteUsers":{"Results":[],"Collected":false,"FailureReason":null},"Status":null,"Aces":[{"PrincipalSID":"S-1-5-21-1575675055-931709254-785709573-512","PrincipalType":"Group","RightName":"Owns","IsInherited":false},{"PrincipalSID":"S-1-5-21-1575675055-931709254-785709573-512","PrincipalType":"Group","RightName":"GenericAll","IsInherited":false},{"PrincipalSID":"S-1-5-21-1575675055-931709254-785709573-526","PrincipalType":"Group","RightName":"AddKeyCredentialLink","IsInherited":true},{"PrincipalSID":"S-1-5-21-1631887839-1138881212-915906823-527","PrincipalType":"Group","RightName":"AddKeyCredentialLink","IsInherited":true},{"PrincipalSID":"S-1-5-21-1631887839-1138881212-915906823-519","PrincipalType":"Group","RightName":"GenericAll","IsInherited":true},{"PrincipalSID":"NORTH.SEVENKINGDOMS.LOCAL-S-1-5-32-544","PrincipalType":"Group","RightName":"WriteDacl","IsInherited":true},{"PrincipalSID":"NORTH.SEVENKINGDOMS.LOCAL-S-1-5-32-544","PrincipalType":"Group","RightName":"WriteOwner","IsInherited":true},{"PrincipalSID":"NORTH.SEVENKINGDOMS.LOCAL-S-1-5-32-544","PrincipalType":"Group","RightName":"GenericWrite","IsInherited":true}],"ObjectIdentifier":"S-1-5-21-1575675055-931709254-785709573-1001","IsDeleted":false,"IsACLProtected":false}],"meta":{"methods":29695,"type":"computers","count":2,"version":5}}